path,dataset,source_group
RAW/DEMAND/DLIVING/DLIVING/ch01.wav,DEMAND,DLIVING
RAW/DEMAND/DLIVING/DLIVING/ch02.wav,DEMAND,DLIVING
RAW/DEMAND/DLIVING/DLIVING/ch03.wav,DEMAND,DLIVING
RAW/DEMAND/DLIVING/DLIVING/ch04.wav,DEMAND,DLIVING
RAW/DEMAND/DLIVING/DLIVING/ch05.wav,DEMAND,DLIVING
RAW/DEMAND/DLIVING/DLIVING/ch06.wav,DEMAND,DLIVING
RAW/DEMAND/DLIVING/DLIVING/ch07.wav,DEMAND,DLIVING
RAW/DEMAND/DLIVING/DLIVING/ch08.wav,DEMAND,DLIVING
RAW/DEMAND/DLIVING/DLIVING/ch09.wav,DEMAND,DLIVING
RAW/DEMAND/DLIVING/DLIVING/ch10.wav,DEMAND,DLIVING
RAW/DEMAND/DLIVING/DLIVING/ch11.wav,DEMAND,DLIVING
RAW/DEMAND/DLIVING/DLIVING/ch12.wav,DEMAND,DLIVING
RAW/DEMAND/DLIVING/DLIVING/ch13.wav,DEMAND,DLIVING
RAW/DEMAND/DLIVING/DLIVING/ch14.wav,DEMAND,DLIVING
RAW/DEMAND/DLIVING/DLIVING/ch15.wav,DEMAND,DLIVING
RAW/DEMAND/DLIVING/DLIVING/ch16.wav,DEMAND,DLIVING
RAW/DEMAND/DWASHING/DWASHING/ch01.wav,DEMAND,DWASHING
RAW/DEMAND/DWASHING/DWASHING/ch02.wav,DEMAND,DWASHING
RAW/DEMAND/DWASHING/DWASHING/ch03.wav,DEMAND,DWASHING
RAW/DEMAND/DWASHING/DWASHING/ch04.wav,DEMAND,DWASHING
RAW/DEMAND/DWASHING/DWASHING/ch05.wav,DEMAND,DWASHING
RAW/DEMAND/DWASHING/DWASHING/ch06.wav,DEMAND,DWASHING
RAW/DEMAND/DWASHING/DWASHING/ch07.wav,DEMAND,DWASHING
RAW/DEMAND/DWASHING/DWASHING/ch08.wav,DEMAND,DWASHING
RAW/DEMAND/DWASHING/DWASHING/ch09.wav,DEMAND,DWASHING
RAW/DEMAND/DWASHING/DWASHING/ch10.wav,DEMAND,DWASHING
RAW/DEMAND/DWASHING/DWASHING/ch11.wav,DEMAND,DWASHING
RAW/DEMAND/DWASHING/DWASHING/ch12.wav,DEMAND,DWASHING
RAW/DEMAND/DWASHING/DWASHING/ch13.wav,DEMAND,DWASHING
RAW/DEMAND/DWASHING/DWASHING/ch14.wav,DEMAND,DWASHING
RAW/DEMAND/DWASHING/DWASHING/ch15.wav,DEMAND,DWASHING
RAW/DEMAND/DWASHING/DWASHING/ch16.wav,DEMAND,DWASHING
RAW/DEMAND/NFIELD/NFIELD/ch01.wav,DEMAND,NFIELD
RAW/DEMAND/NFIELD/NFIELD/ch02.wav,DEMAND,NFIELD
RAW/DEMAND/NFIELD/NFIELD/ch03.wav,DEMAND,NFIELD
RAW/DEMAND/NFIELD/NFIELD/ch04.wav,DEMAND,NFIELD
RAW/DEMAND/NFIELD/NFIELD/ch05.wav,DEMAND,NFIELD
RAW/DEMAND/NFIELD/NFIELD/ch06.wav,DEMAND,NFIELD
RAW/DEMAND/NFIELD/NFIELD/ch07.wav,DEMAND,NFIELD
RAW/DEMAND/NFIELD/NFIELD/ch08.wav,DEMAND,NFIELD
RAW/DEMAND/NFIELD/NFIELD/ch09.wav,DEMAND,NFIELD
RAW/DEMAND/NFIELD/NFIELD/ch10.wav,DEMAND,NFIELD
RAW/DEMAND/NFIELD/NFIELD/ch11.wav,DEMAND,NFIELD
RAW/DEMAND/NFIELD/NFIELD/ch12.wav,DEMAND,NFIELD
RAW/DEMAND/NFIELD/NFIELD/ch13.wav,DEMAND,NFIELD
RAW/DEMAND/NFIELD/NFIELD/ch14.wav,DEMAND,NFIELD
RAW/DEMAND/NFIELD/NFIELD/ch15.wav,DEMAND,NFIELD
RAW/DEMAND/NFIELD/NFIELD/ch16.wav,DEMAND,NFIELD
RAW/DEMAND/OMEETING/OMEETING/ch01.wav,DEMAND,OMEETING
RAW/DEMAND/OMEETING/OMEETING/ch02.wav,DEMAND,OMEETING
RAW/DEMAND/OMEETING/OMEETING/ch03.wav,DEMAND,OMEETING
RAW/DEMAND/OMEETING/OMEETING/ch04.wav,DEMAND,OMEETING
RAW/DEMAND/OMEETING/OMEETING/ch05.wav,DEMAND,OMEETING
RAW/DEMAND/OMEETING/OMEETING/ch06.wav,DEMAND,OMEETING
RAW/DEMAND/OMEETING/OMEETING/ch07.wav,DEMAND,OMEETING
RAW/DEMAND/OMEETING/OMEETING/ch08.wav,DEMAND,OMEETING
RAW/DEMAND/OMEETING/OMEETING/ch09.wav,DEMAND,OMEETING
RAW/DEMAND/OMEETING/OMEETING/ch10.wav,DEMAND,OMEETING
RAW/DEMAND/OMEETING/OMEETING/ch11.wav,DEMAND,OMEETING
RAW/DEMAND/OMEETING/OMEETING/ch12.wav,DEMAND,OMEETING
RAW/DEMAND/OMEETING/OMEETING/ch13.wav,DEMAND,OMEETING
RAW/DEMAND/OMEETING/OMEETING/ch14.wav,DEMAND,OMEETING
RAW/DEMAND/OMEETING/OMEETING/ch15.wav,DEMAND,OMEETING
RAW/DEMAND/OMEETING/OMEETING/ch16.wav,DEMAND,OMEETING
RAW/MAD/training/001/0.wav,MAD,training/001
RAW/MAD/training/002/0.wav,MAD,training/002
RAW/MAD/training/002/1.wav,MAD,training/002
RAW/MAD/training/002/2.wav,MAD,training/002
RAW/MAD/training/002/3.wav,MAD,training/002
RAW/MAD/training/004/0.wav,MAD,training/004
RAW/MAD/training/004/1.wav,MAD,training/004
RAW/MAD/training/004/2.wav,MAD,training/004
RAW/MAD/training/004/3.wav,MAD,training/004
RAW/MAD/training/004/4.wav,MAD,training/004
RAW/MAD/training/004/5.wav,MAD,training/004
RAW/MAD/training/006/0.wav,MAD,training/006
RAW/MAD/training/006/1.wav,MAD,training/006
RAW/MAD/training/006/2.wav,MAD,training/006
RAW/MAD/training/006/3.wav,MAD,training/006
RAW/MAD/training/006/4.wav,MAD,training/006
RAW/MAD/training/006/5.wav,MAD,training/006
RAW/MAD/training/006/6.wav,MAD,training/006
RAW/MAD/training/009/0.wav,MAD,training/009
RAW/MAD/training/009/1.wav,MAD,training/009
RAW/MAD/training/009/2.wav,MAD,training/009
RAW/MAD/training/009/3.wav,MAD,training/009
RAW/MAD/training/009/4.wav,MAD,training/009
RAW/MAD/training/009/5.wav,MAD,training/009
RAW/MAD/training/009/6.wav,MAD,training/009
RAW/MAD/training/009/7.wav,MAD,training/009
RAW/MAD/training/009/8.wav,MAD,training/009
RAW/MAD/training/010/0.wav,MAD,training/010
RAW/MAD/training/010/1.wav,MAD,training/010
RAW/MAD/training/011/0.wav,MAD,training/011
RAW/MAD/training/011/1.wav,MAD,training/011
RAW/MAD/training/011/2.wav,MAD,training/011
RAW/MAD/training/011/3.wav,MAD,training/011
RAW/MAD/training/013/0.wav,MAD,training/013
RAW/MAD/training/013/1.wav,MAD,training/013
RAW/MAD/training/013/2.wav,MAD,training/013
RAW/MAD/training/013/3.wav,MAD,training/013
RAW/MAD/training/013/4.wav,MAD,training/013
RAW/MAD/training/014/0.wav,MAD,training/014
RAW/MAD/training/014/1.wav,MAD,training/014
RAW/MAD/training/014/2.wav,MAD,training/014
RAW/MAD/training/014/3.wav,MAD,training/014
RAW/MAD/training/014/4.wav,MAD,training/014
RAW/MAD/training/015/0.wav,MAD,training/015
RAW/MAD/training/015/1.wav,MAD,training/015
RAW/MAD/training/015/2.wav,MAD,training/015
RAW/MAD/training/015/3.wav,MAD,training/015
RAW/MAD/training/015/4.wav,MAD,training/015
RAW/MAD/training/015/5.wav,MAD,training/015
RAW/MAD/training/015/6.wav,MAD,training/015
RAW/MAD/training/015/7.wav,MAD,training/015
RAW/MAD/training/015/8.wav,MAD,training/015
RAW/MAD/training/016/0.wav,MAD,training/016
RAW/MAD/training/016/1.wav,MAD,training/016
RAW/MAD/training/016/2.wav,MAD,training/016
RAW/MAD/training/016/3.wav,MAD,training/016
RAW/MAD/training/016/4.wav,MAD,training/016
RAW/MAD/training/016/5.wav,MAD,training/016
RAW/MAD/training/017/0.wav,MAD,training/017
RAW/MAD/training/017/1.wav,MAD,training/017
RAW/MAD/training/017/2.wav,MAD,training/017
RAW/MAD/training/017/3.wav,MAD,training/017
RAW/MAD/training/017/4.wav,MAD,training/017
RAW/MAD/training/018/0.wav,MAD,training/018
RAW/MAD/training/018/1.wav,MAD,training/018
RAW/MAD/training/018/10.wav,MAD,training/018
RAW/MAD/training/018/11.wav,MAD,training/018
RAW/MAD/training/018/12.wav,MAD,training/018
RAW/MAD/training/018/13.wav,MAD,training/018
RAW/MAD/training/018/14.wav,MAD,training/018
RAW/MAD/training/018/2.wav,MAD,training/018
RAW/MAD/training/018/3.wav,MAD,training/018
RAW/MAD/training/018/4.wav,MAD,training/018
RAW/MAD/training/018/5.wav,MAD,training/018
RAW/MAD/training/018/6.wav,MAD,training/018
RAW/MAD/training/018/7.wav,MAD,training/018
RAW/MAD/training/018/8.wav,MAD,training/018
RAW/MAD/training/018/9.wav,MAD,training/018
RAW/MAD/training/019/0.wav,MAD,training/019
RAW/MAD/training/019/1.wav,MAD,training/019
RAW/MAD/training/020/0.wav,MAD,training/020
RAW/MAD/training/020/1.wav,MAD,training/020
RAW/MAD/training/020/10.wav,MAD,training/020
RAW/MAD/training/020/11.wav,MAD,training/020
RAW/MAD/training/020/12.wav,MAD,training/020
RAW/MAD/training/020/13.wav,MAD,training/020
RAW/MAD/training/020/14.wav,MAD,training/020
RAW/MAD/training/020/15.wav,MAD,training/020
RAW/MAD/training/020/16.wav,MAD,training/020
RAW/MAD/training/020/17.wav,MAD,training/020
RAW/MAD/training/020/18.wav,MAD,training/020
RAW/MAD/training/020/19.wav,MAD,training/020
RAW/MAD/training/020/2.wav,MAD,training/020
RAW/MAD/training/020/20.wav,MAD,training/020
RAW/MAD/training/020/21.wav,MAD,training/020
RAW/MAD/training/020/22.wav,MAD,training/020
RAW/MAD/training/020/3.wav,MAD,training/020
RAW/MAD/training/020/4.wav,MAD,training/020
RAW/MAD/training/020/5.wav,MAD,training/020
RAW/MAD/training/020/6.wav,MAD,training/020
RAW/MAD/training/020/7.wav,MAD,training/020
RAW/MAD/training/020/8.wav,MAD,training/020
RAW/MAD/training/020/9.wav,MAD,training/020
RAW/MAD/training/021/0.wav,MAD,training/021
RAW/MAD/training/021/1.wav,MAD,training/021
RAW/MAD/training/024/0.wav,MAD,training/024
RAW/MAD/training/024/1.wav,MAD,training/024
RAW/MAD/training/024/2.wav,MAD,training/024
RAW/MAD/training/026/0.wav,MAD,training/026
RAW/MAD/training/026/1.wav,MAD,training/026
RAW/MAD/training/027/0.wav,MAD,training/027
RAW/MAD/training/027/1.wav,MAD,training/027
RAW/MAD/training/027/2.wav,MAD,training/027
RAW/MAD/training/027/3.wav,MAD,training/027
RAW/MAD/training/027/4.wav,MAD,training/027
RAW/MAD/training/027/5.wav,MAD,training/027
RAW/MAD/training/027/6.wav,MAD,training/027
RAW/MAD/training/027/7.wav,MAD,training/027
RAW/MAD/training/027/8.wav,MAD,training/027
RAW/MAD/training/028/0.wav,MAD,training/028
RAW/MAD/training/028/1.wav,MAD,training/028
RAW/MAD/training/028/2.wav,MAD,training/028
RAW/MAD/training/028/3.wav,MAD,training/028
RAW/MAD/training/028/4.wav,MAD,training/028
RAW/MAD/training/028/5.wav,MAD,training/028
RAW/MAD/training/029/0.wav,MAD,training/029
RAW/MAD/training/029/1.wav,MAD,training/029
RAW/MAD/training/029/2.wav,MAD,training/029
RAW/MAD/training/029/3.wav,MAD,training/029
RAW/MAD/training/029/4.wav,MAD,training/029
RAW/MAD/training/029/5.wav,MAD,training/029
RAW/MAD/training/029/6.wav,MAD,training/029
RAW/MAD/training/029/7.wav,MAD,training/029
RAW/MAD/training/029/8.wav,MAD,training/029
RAW/MAD/training/029/9.wav,MAD,training/029
RAW/MAD/training/030/0.wav,MAD,training/030
RAW/MAD/training/030/1.wav,MAD,training/030
RAW/MAD/training/030/2.wav,MAD,training/030
RAW/MAD/training/031/0.wav,MAD,training/031
RAW/MAD/training/031/1.wav,MAD,training/031
RAW/MAD/training/031/2.wav,MAD,training/031
RAW/MAD/training/031/3.wav,MAD,training/031
RAW/MAD/training/031/4.wav,MAD,training/031
RAW/MAD/training/031/5.wav,MAD,training/031
RAW/MAD/training/031/6.wav,MAD,training/031
RAW/MAD/training/032/0.wav,MAD,training/032
RAW/MAD/training/032/1.wav,MAD,training/032
RAW/MAD/training/032/2.wav,MAD,training/032
RAW/MAD/training/032/3.wav,MAD,training/032
RAW/MAD/training/032/4.wav,MAD,training/032
RAW/MAD/training/032/5.wav,MAD,training/032
RAW/MAD/training/033/0.wav,MAD,training/033
RAW/MAD/training/034/0.wav,MAD,training/034
RAW/MAD/training/035/0.wav,MAD,training/035
RAW/MAD/training/035/1.wav,MAD,training/035
RAW/MAD/training/035/2.wav,MAD,training/035
RAW/MAD/training/035/3.wav,MAD,training/035
RAW/MAD/training/035/4.wav,MAD,training/035
RAW/MAD/training/036/0.wav,MAD,training/036
RAW/MAD/training/036/1.wav,MAD,training/036
RAW/MAD/training/036/2.wav,MAD,training/036
RAW/MAD/training/036/3.wav,MAD,training/036
RAW/MAD/training/037/0.wav,MAD,training/037
RAW/MAD/training/037/1.wav,MAD,training/037
RAW/MAD/training/037/10.wav,MAD,training/037
RAW/MAD/training/037/11.wav,MAD,training/037
RAW/MAD/training/037/12.wav,MAD,training/037
RAW/MAD/training/037/2.wav,MAD,training/037
RAW/MAD/training/037/3.wav,MAD,training/037
RAW/MAD/training/037/4.wav,MAD,training/037
RAW/MAD/training/037/5.wav,MAD,training/037
RAW/MAD/training/037/6.wav,MAD,training/037
RAW/MAD/training/037/7.wav,MAD,training/037
RAW/MAD/training/037/8.wav,MAD,training/037
RAW/MAD/training/037/9.wav,MAD,training/037
RAW/MAD/training/038/0.wav,MAD,training/038
RAW/MAD/training/038/1.wav,MAD,training/038
RAW/MAD/training/038/2.wav,MAD,training/038
RAW/MAD/training/038/3.wav,MAD,training/038
RAW/MAD/training/038/4.wav,MAD,training/038
RAW/MAD/training/038/5.wav,MAD,training/038
RAW/MAD/training/038/6.wav,MAD,training/038
RAW/MAD/training/038/7.wav,MAD,training/038
RAW/MAD/training/038/8.wav,MAD,training/038
RAW/MAD/training/038/9.wav,MAD,training/038
RAW/MAD/training/039/0.wav,MAD,training/039
RAW/MAD/training/039/1.wav,MAD,training/039
RAW/MAD/training/039/2.wav,MAD,training/039
RAW/MAD/training/039/3.wav,MAD,training/039
RAW/MAD/training/039/4.wav,MAD,training/039
RAW/MAD/training/039/5.wav,MAD,training/039
RAW/MAD/training/039/6.wav,MAD,training/039
RAW/MAD/training/039/7.wav,MAD,training/039
RAW/MAD/training/041/0.wav,MAD,training/041
RAW/MAD/training/041/1.wav,MAD,training/041
RAW/MAD/training/041/10.wav,MAD,training/041
RAW/MAD/training/041/11.wav,MAD,training/041
RAW/MAD/training/041/12.wav,MAD,training/041
RAW/MAD/training/041/13.wav,MAD,training/041
RAW/MAD/training/041/2.wav,MAD,training/041
RAW/MAD/training/041/3.wav,MAD,training/041
RAW/MAD/training/041/4.wav,MAD,training/041
RAW/MAD/training/041/5.wav,MAD,training/041
RAW/MAD/training/041/6.wav,MAD,training/041
RAW/MAD/training/041/7.wav,MAD,training/041
RAW/MAD/training/041/8.wav,MAD,training/041
RAW/MAD/training/041/9.wav,MAD,training/041
RAW/MAD/training/042/0.wav,MAD,training/042
RAW/MAD/training/042/1.wav,MAD,training/042
RAW/MAD/training/042/10.wav,MAD,training/042
RAW/MAD/training/042/11.wav,MAD,training/042
RAW/MAD/training/042/12.wav,MAD,training/042
RAW/MAD/training/042/13.wav,MAD,training/042
RAW/MAD/training/042/14.wav,MAD,training/042
RAW/MAD/training/042/15.wav,MAD,training/042
RAW/MAD/training/042/2.wav,MAD,training/042
RAW/MAD/training/042/3.wav,MAD,training/042
RAW/MAD/training/042/4.wav,MAD,training/042
RAW/MAD/training/042/5.wav,MAD,training/042
RAW/MAD/training/042/6.wav,MAD,training/042
RAW/MAD/training/042/7.wav,MAD,training/042
RAW/MAD/training/042/8.wav,MAD,training/042
RAW/MAD/training/042/9.wav,MAD,training/042
RAW/MAD/training/043/0.wav,MAD,training/043
RAW/MAD/training/043/1.wav,MAD,training/043
RAW/MAD/training/043/10.wav,MAD,training/043
RAW/MAD/training/043/11.wav,MAD,training/043
RAW/MAD/training/043/12.wav,MAD,training/043
RAW/MAD/training/043/13.wav,MAD,training/043
RAW/MAD/training/043/14.wav,MAD,training/043
RAW/MAD/training/043/15.wav,MAD,training/043
RAW/MAD/training/043/16.wav,MAD,training/043
RAW/MAD/training/043/17.wav,MAD,training/043
RAW/MAD/training/043/18.wav,MAD,training/043
RAW/MAD/training/043/19.wav,MAD,training/043
RAW/MAD/training/043/2.wav,MAD,training/043
RAW/MAD/training/043/20.wav,MAD,training/043
RAW/MAD/training/043/21.wav,MAD,training/043
RAW/MAD/training/043/22.wav,MAD,training/043
RAW/MAD/training/043/23.wav,MAD,training/043
RAW/MAD/training/043/24.wav,MAD,training/043
RAW/MAD/training/043/3.wav,MAD,training/043
RAW/MAD/training/043/4.wav,MAD,training/043
RAW/MAD/training/043/5.wav,MAD,training/043
RAW/MAD/training/043/6.wav,MAD,training/043
RAW/MAD/training/043/7.wav,MAD,training/043
RAW/MAD/training/043/8.wav,MAD,training/043
RAW/MAD/training/043/9.wav,MAD,training/043
RAW/MAD/training/045/0.wav,MAD,training/045
RAW/MAD/training/045/1.wav,MAD,training/045
RAW/MAD/training/045/2.wav,MAD,training/045
RAW/MAD/training/045/3.wav,MAD,training/045
RAW/MAD/training/045/4.wav,MAD,training/045
RAW/MAD/training/045/5.wav,MAD,training/045
RAW/MAD/training/046/0.wav,MAD,training/046
RAW/MAD/training/046/1.wav,MAD,training/046
RAW/MAD/training/046/2.wav,MAD,training/046
RAW/MAD/training/046/3.wav,MAD,training/046
RAW/MAD/training/046/4.wav,MAD,training/046
RAW/MAD/training/047/0.wav,MAD,training/047
RAW/MAD/training/047/1.wav,MAD,training/047
RAW/MAD/training/047/10.wav,MAD,training/047
RAW/MAD/training/047/11.wav,MAD,training/047
RAW/MAD/training/047/12.wav,MAD,training/047
RAW/MAD/training/047/2.wav,MAD,training/047
RAW/MAD/training/047/3.wav,MAD,training/047
RAW/MAD/training/047/4.wav,MAD,training/047
RAW/MAD/training/047/5.wav,MAD,training/047
RAW/MAD/training/047/6.wav,MAD,training/047
RAW/MAD/training/047/7.wav,MAD,training/047
RAW/MAD/training/047/8.wav,MAD,training/047
RAW/MAD/training/047/9.wav,MAD,training/047
RAW/MAD/training/049/0.wav,MAD,training/049
RAW/MAD/training/049/1.wav,MAD,training/049
RAW/MAD/training/049/2.wav,MAD,training/049
RAW/MAD/training/049/3.wav,MAD,training/049
RAW/MAD/training/049/4.wav,MAD,training/049
RAW/MAD/training/049/5.wav,MAD,training/049
RAW/MAD/training/050/0.wav,MAD,training/050
RAW/MAD/training/050/1.wav,MAD,training/050
RAW/MAD/training/050/10.wav,MAD,training/050
RAW/MAD/training/050/11.wav,MAD,training/050
RAW/MAD/training/050/12.wav,MAD,training/050
RAW/MAD/training/050/13.wav,MAD,training/050
RAW/MAD/training/050/14.wav,MAD,training/050
RAW/MAD/training/050/15.wav,MAD,training/050
RAW/MAD/training/050/16.wav,MAD,training/050
RAW/MAD/training/050/17.wav,MAD,training/050
RAW/MAD/training/050/18.wav,MAD,training/050
RAW/MAD/training/050/19.wav,MAD,training/050
RAW/MAD/training/050/2.wav,MAD,training/050
RAW/MAD/training/050/20.wav,MAD,training/050
RAW/MAD/training/050/21.wav,MAD,training/050
RAW/MAD/training/050/22.wav,MAD,training/050
RAW/MAD/training/050/23.wav,MAD,training/050
RAW/MAD/training/050/24.wav,MAD,training/050
RAW/MAD/training/050/25.wav,MAD,training/050
RAW/MAD/training/050/26.wav,MAD,training/050
RAW/MAD/training/050/27.wav,MAD,training/050
RAW/MAD/training/050/28.wav,MAD,training/050
RAW/MAD/training/050/29.wav,MAD,training/050
RAW/MAD/training/050/3.wav,MAD,training/050
RAW/MAD/training/050/30.wav,MAD,training/050
RAW/MAD/training/050/31.wav,MAD,training/050
RAW/MAD/training/050/32.wav,MAD,training/050
RAW/MAD/training/050/33.wav,MAD,training/050
RAW/MAD/training/050/34.wav,MAD,training/050
RAW/MAD/training/050/35.wav,MAD,training/050
RAW/MAD/training/050/36.wav,MAD,training/050
RAW/MAD/training/050/37.wav,MAD,training/050
RAW/MAD/training/050/38.wav,MAD,training/050
RAW/MAD/training/050/39.wav,MAD,training/050
RAW/MAD/training/050/4.wav,MAD,training/050
RAW/MAD/training/050/40.wav,MAD,training/050
RAW/MAD/training/050/41.wav,MAD,training/050
RAW/MAD/training/050/5.wav,MAD,training/050
RAW/MAD/training/050/6.wav,MAD,training/050
RAW/MAD/training/050/7.wav,MAD,training/050
RAW/MAD/training/050/8.wav,MAD,training/050
RAW/MAD/training/050/9.wav,MAD,training/050
RAW/MAD/training/051/0.wav,MAD,training/051
RAW/MAD/training/051/1.wav,MAD,training/051
RAW/MAD/training/051/10.wav,MAD,training/051
RAW/MAD/training/051/11.wav,MAD,training/051
RAW/MAD/training/051/12.wav,MAD,training/051
RAW/MAD/training/051/13.wav,MAD,training/051
RAW/MAD/training/051/2.wav,MAD,training/051
RAW/MAD/training/051/3.wav,MAD,training/051
RAW/MAD/training/051/4.wav,MAD,training/051
RAW/MAD/training/051/5.wav,MAD,training/051
RAW/MAD/training/051/6.wav,MAD,training/051
RAW/MAD/training/051/7.wav,MAD,training/051
RAW/MAD/training/051/8.wav,MAD,training/051
RAW/MAD/training/051/9.wav,MAD,training/051
RAW/MAD/training/054/0.wav,MAD,training/054
RAW/MAD/training/054/1.wav,MAD,training/054
RAW/MAD/training/054/2.wav,MAD,training/054
RAW/MAD/training/054/3.wav,MAD,training/054
RAW/MAD/training/054/4.wav,MAD,training/054
RAW/MAD/training/054/5.wav,MAD,training/054
RAW/MAD/training/055/0.wav,MAD,training/055
RAW/MAD/training/055/1.wav,MAD,training/055
RAW/MAD/training/055/2.wav,MAD,training/055
RAW/MAD/training/055/3.wav,MAD,training/055
RAW/MAD/training/055/4.wav,MAD,training/055
RAW/MAD/training/055/5.wav,MAD,training/055
RAW/MAD/training/055/6.wav,MAD,training/055
RAW/MAD/training/055/7.wav,MAD,training/055
RAW/MAD/training/055/8.wav,MAD,training/055
RAW/MAD/training/056/0.wav,MAD,training/056
RAW/MAD/training/056/1.wav,MAD,training/056
RAW/MAD/training/056/10.wav,MAD,training/056
RAW/MAD/training/056/11.wav,MAD,training/056
RAW/MAD/training/056/12.wav,MAD,training/056
RAW/MAD/training/056/13.wav,MAD,training/056
RAW/MAD/training/056/14.wav,MAD,training/056
RAW/MAD/training/056/15.wav,MAD,training/056
RAW/MAD/training/056/16.wav,MAD,training/056
RAW/MAD/training/056/17.wav,MAD,training/056
RAW/MAD/training/056/18.wav,MAD,training/056
RAW/MAD/training/056/19.wav,MAD,training/056
RAW/MAD/training/056/2.wav,MAD,training/056
RAW/MAD/training/056/3.wav,MAD,training/056
RAW/MAD/training/056/4.wav,MAD,training/056
RAW/MAD/training/056/5.wav,MAD,training/056
RAW/MAD/training/056/6.wav,MAD,training/056
RAW/MAD/training/056/7.wav,MAD,training/056
RAW/MAD/training/056/8.wav,MAD,training/056
RAW/MAD/training/056/9.wav,MAD,training/056
RAW/MAD/training/057/0.wav,MAD,training/057
RAW/MAD/training/057/1.wav,MAD,training/057
RAW/MAD/training/057/2.wav,MAD,training/057
RAW/MAD/training/057/3.wav,MAD,training/057
RAW/MAD/training/057/4.wav,MAD,training/057
RAW/MAD/training/057/5.wav,MAD,training/057
RAW/MAD/training/057/6.wav,MAD,training/057
RAW/MAD/training/059/0.wav,MAD,training/059
RAW/MAD/training/060/0.wav,MAD,training/060
RAW/MAD/training/060/1.wav,MAD,training/060
RAW/MAD/training/060/2.wav,MAD,training/060
RAW/MAD/training/060/3.wav,MAD,training/060
RAW/MAD/training/061/0.wav,MAD,training/061
RAW/MAD/training/061/1.wav,MAD,training/061
RAW/MAD/training/062/0.wav,MAD,training/062
RAW/MAD/training/062/1.wav,MAD,training/062
RAW/MAD/training/062/2.wav,MAD,training/062
RAW/MAD/training/063/0.wav,MAD,training/063
RAW/MAD/training/063/1.wav,MAD,training/063
RAW/MAD/training/063/2.wav,MAD,training/063
RAW/MAD/training/063/3.wav,MAD,training/063
RAW/MAD/training/063/4.wav,MAD,training/063
RAW/MAD/training/065/0.wav,MAD,training/065
RAW/MAD/training/065/1.wav,MAD,training/065
RAW/MAD/training/065/2.wav,MAD,training/065
RAW/MAD/training/065/3.wav,MAD,training/065
RAW/MAD/training/065/4.wav,MAD,training/065
RAW/MAD/training/066/0.wav,MAD,training/066
RAW/MAD/training/066/1.wav,MAD,training/066
RAW/MAD/training/066/2.wav,MAD,training/066
RAW/MAD/training/066/3.wav,MAD,training/066
RAW/MAD/training/066/4.wav,MAD,training/066
RAW/MAD/training/066/5.wav,MAD,training/066
RAW/MAD/training/066/6.wav,MAD,training/066
RAW/MAD/training/066/7.wav,MAD,training/066
RAW/MAD/training/067/0.wav,MAD,training/067
RAW/MAD/training/067/1.wav,MAD,training/067
RAW/MAD/training/067/10.wav,MAD,training/067
RAW/MAD/training/067/11.wav,MAD,training/067
RAW/MAD/training/067/12.wav,MAD,training/067
RAW/MAD/training/067/2.wav,MAD,training/067
RAW/MAD/training/067/3.wav,MAD,training/067
RAW/MAD/training/067/4.wav,MAD,training/067
RAW/MAD/training/067/5.wav,MAD,training/067
RAW/MAD/training/067/6.wav,MAD,training/067
RAW/MAD/training/067/7.wav,MAD,training/067
RAW/MAD/training/067/8.wav,MAD,training/067
RAW/MAD/training/067/9.wav,MAD,training/067
RAW/MAD/training/068/0.wav,MAD,training/068
RAW/MAD/training/068/1.wav,MAD,training/068
RAW/MAD/training/068/10.wav,MAD,training/068
RAW/MAD/training/068/11.wav,MAD,training/068
RAW/MAD/training/068/12.wav,MAD,training/068
RAW/MAD/training/068/13.wav,MAD,training/068
RAW/MAD/training/068/14.wav,MAD,training/068
RAW/MAD/training/068/15.wav,MAD,training/068
RAW/MAD/training/068/16.wav,MAD,training/068
RAW/MAD/training/068/17.wav,MAD,training/068
RAW/MAD/training/068/18.wav,MAD,training/068
RAW/MAD/training/068/19.wav,MAD,training/068
RAW/MAD/training/068/2.wav,MAD,training/068
RAW/MAD/training/068/20.wav,MAD,training/068
RAW/MAD/training/068/21.wav,MAD,training/068
RAW/MAD/training/068/22.wav,MAD,training/068
RAW/MAD/training/068/23.wav,MAD,training/068
RAW/MAD/training/068/24.wav,MAD,training/068
RAW/MAD/training/068/25.wav,MAD,training/068
RAW/MAD/training/068/26.wav,MAD,training/068
RAW/MAD/training/068/27.wav,MAD,training/068
RAW/MAD/training/068/28.wav,MAD,training/068
RAW/MAD/training/068/29.wav,MAD,training/068
RAW/MAD/training/068/3.wav,MAD,training/068
RAW/MAD/training/068/30.wav,MAD,training/068
RAW/MAD/training/068/31.wav,MAD,training/068
RAW/MAD/training/068/32.wav,MAD,training/068
RAW/MAD/training/068/33.wav,MAD,training/068
RAW/MAD/training/068/34.wav,MAD,training/068
RAW/MAD/training/068/35.wav,MAD,training/068
RAW/MAD/training/068/36.wav,MAD,training/068
RAW/MAD/training/068/37.wav,MAD,training/068
RAW/MAD/training/068/38.wav,MAD,training/068
RAW/MAD/training/068/39.wav,MAD,training/068
RAW/MAD/training/068/4.wav,MAD,training/068
RAW/MAD/training/068/40.wav,MAD,training/068
RAW/MAD/training/068/41.wav,MAD,training/068
RAW/MAD/training/068/42.wav,MAD,training/068
RAW/MAD/training/068/5.wav,MAD,training/068
RAW/MAD/training/068/6.wav,MAD,training/068
RAW/MAD/training/068/7.wav,MAD,training/068
RAW/MAD/training/068/8.wav,MAD,training/068
RAW/MAD/training/068/9.wav,MAD,training/068
RAW/MAD/training/069/0.wav,MAD,training/069
RAW/MAD/training/069/1.wav,MAD,training/069
RAW/MAD/training/069/10.wav,MAD,training/069
RAW/MAD/training/069/11.wav,MAD,training/069
RAW/MAD/training/069/12.wav,MAD,training/069
RAW/MAD/training/069/2.wav,MAD,training/069
RAW/MAD/training/069/3.wav,MAD,training/069
RAW/MAD/training/069/4.wav,MAD,training/069
RAW/MAD/training/069/5.wav,MAD,training/069
RAW/MAD/training/069/6.wav,MAD,training/069
RAW/MAD/training/069/7.wav,MAD,training/069
RAW/MAD/training/069/8.wav,MAD,training/069
RAW/MAD/training/069/9.wav,MAD,training/069
RAW/MAD/training/070/0.wav,MAD,training/070
RAW/MAD/training/070/1.wav,MAD,training/070
RAW/MAD/training/070/10.wav,MAD,training/070
RAW/MAD/training/070/11.wav,MAD,training/070
RAW/MAD/training/070/12.wav,MAD,training/070
RAW/MAD/training/070/13.wav,MAD,training/070
RAW/MAD/training/070/14.wav,MAD,training/070
RAW/MAD/training/070/15.wav,MAD,training/070
RAW/MAD/training/070/16.wav,MAD,training/070
RAW/MAD/training/070/17.wav,MAD,training/070
RAW/MAD/training/070/18.wav,MAD,training/070
RAW/MAD/training/070/19.wav,MAD,training/070
RAW/MAD/training/070/2.wav,MAD,training/070
RAW/MAD/training/070/20.wav,MAD,training/070
RAW/MAD/training/070/21.wav,MAD,training/070
RAW/MAD/training/070/22.wav,MAD,training/070
RAW/MAD/training/070/3.wav,MAD,training/070
RAW/MAD/training/070/4.wav,MAD,training/070
RAW/MAD/training/070/5.wav,MAD,training/070
RAW/MAD/training/070/6.wav,MAD,training/070
RAW/MAD/training/070/7.wav,MAD,training/070
RAW/MAD/training/070/8.wav,MAD,training/070
RAW/MAD/training/070/9.wav,MAD,training/070
RAW/MAD/training/071/0.wav,MAD,training/071
RAW/MAD/training/071/1.wav,MAD,training/071
RAW/MAD/training/072/0.wav,MAD,training/072
RAW/MAD/training/072/1.wav,MAD,training/072
RAW/MAD/training/072/2.wav,MAD,training/072
RAW/MAD/training/072/3.wav,MAD,training/072
RAW/MAD/training/072/4.wav,MAD,training/072
RAW/MAD/training/072/5.wav,MAD,training/072
RAW/MAD/training/073/0.wav,MAD,training/073
RAW/MAD/training/073/1.wav,MAD,training/073
RAW/MAD/training/073/2.wav,MAD,training/073
RAW/MAD/training/073/3.wav,MAD,training/073
RAW/MAD/training/073/4.wav,MAD,training/073
RAW/MAD/training/074/0.wav,MAD,training/074
RAW/MAD/training/074/1.wav,MAD,training/074
RAW/MAD/training/074/2.wav,MAD,training/074
RAW/MAD/training/074/3.wav,MAD,training/074
RAW/MAD/training/074/4.wav,MAD,training/074
RAW/MAD/training/074/5.wav,MAD,training/074
RAW/MAD/training/074/6.wav,MAD,training/074
RAW/MAD/training/074/7.wav,MAD,training/074
RAW/MAD/training/075/0.wav,MAD,training/075
RAW/MAD/training/075/1.wav,MAD,training/075
RAW/MAD/training/075/10.wav,MAD,training/075
RAW/MAD/training/075/11.wav,MAD,training/075
RAW/MAD/training/075/12.wav,MAD,training/075
RAW/MAD/training/075/13.wav,MAD,training/075
RAW/MAD/training/075/14.wav,MAD,training/075
RAW/MAD/training/075/15.wav,MAD,training/075
RAW/MAD/training/075/16.wav,MAD,training/075
RAW/MAD/training/075/17.wav,MAD,training/075
RAW/MAD/training/075/18.wav,MAD,training/075
RAW/MAD/training/075/2.wav,MAD,training/075
RAW/MAD/training/075/3.wav,MAD,training/075
RAW/MAD/training/075/4.wav,MAD,training/075
RAW/MAD/training/075/5.wav,MAD,training/075
RAW/MAD/training/075/6.wav,MAD,training/075
RAW/MAD/training/075/7.wav,MAD,training/075
RAW/MAD/training/075/8.wav,MAD,training/075
RAW/MAD/training/075/9.wav,MAD,training/075
RAW/MAD/training/076/0.wav,MAD,training/076
RAW/MAD/training/076/1.wav,MAD,training/076
RAW/MAD/training/076/10.wav,MAD,training/076
RAW/MAD/training/076/11.wav,MAD,training/076
RAW/MAD/training/076/2.wav,MAD,training/076
RAW/MAD/training/076/3.wav,MAD,training/076
RAW/MAD/training/076/4.wav,MAD,training/076
RAW/MAD/training/076/5.wav,MAD,training/076
RAW/MAD/training/076/6.wav,MAD,training/076
RAW/MAD/training/076/7.wav,MAD,training/076
RAW/MAD/training/076/8.wav,MAD,training/076
RAW/MAD/training/076/9.wav,MAD,training/076
RAW/MAD/training/078/0.wav,MAD,training/078
RAW/MAD/training/078/1.wav,MAD,training/078
RAW/MAD/training/078/10.wav,MAD,training/078
RAW/MAD/training/078/11.wav,MAD,training/078
RAW/MAD/training/078/12.wav,MAD,training/078
RAW/MAD/training/078/13.wav,MAD,training/078
RAW/MAD/training/078/14.wav,MAD,training/078
RAW/MAD/training/078/15.wav,MAD,training/078
RAW/MAD/training/078/16.wav,MAD,training/078
RAW/MAD/training/078/17.wav,MAD,training/078
RAW/MAD/training/078/18.wav,MAD,training/078
RAW/MAD/training/078/19.wav,MAD,training/078
RAW/MAD/training/078/2.wav,MAD,training/078
RAW/MAD/training/078/20.wav,MAD,training/078
RAW/MAD/training/078/21.wav,MAD,training/078
RAW/MAD/training/078/22.wav,MAD,training/078
RAW/MAD/training/078/23.wav,MAD,training/078
RAW/MAD/training/078/24.wav,MAD,training/078
RAW/MAD/training/078/3.wav,MAD,training/078
RAW/MAD/training/078/4.wav,MAD,training/078
RAW/MAD/training/078/5.wav,MAD,training/078
RAW/MAD/training/078/6.wav,MAD,training/078
RAW/MAD/training/078/7.wav,MAD,training/078
RAW/MAD/training/078/8.wav,MAD,training/078
RAW/MAD/training/078/9.wav,MAD,training/078
RAW/MAD/training/081/0.wav,MAD,training/081
RAW/MAD/training/081/1.wav,MAD,training/081
RAW/MAD/training/081/10.wav,MAD,training/081
RAW/MAD/training/081/11.wav,MAD,training/081
RAW/MAD/training/081/2.wav,MAD,training/081
RAW/MAD/training/081/3.wav,MAD,training/081
RAW/MAD/training/081/4.wav,MAD,training/081
RAW/MAD/training/081/5.wav,MAD,training/081
RAW/MAD/training/081/6.wav,MAD,training/081
RAW/MAD/training/081/7.wav,MAD,training/081
RAW/MAD/training/081/8.wav,MAD,training/081
RAW/MAD/training/081/9.wav,MAD,training/081
RAW/MAD/training/083/0.wav,MAD,training/083
RAW/MAD/training/084/0.wav,MAD,training/084
RAW/MAD/training/084/1.wav,MAD,training/084
RAW/MAD/training/084/10.wav,MAD,training/084
RAW/MAD/training/084/2.wav,MAD,training/084
RAW/MAD/training/084/3.wav,MAD,training/084
RAW/MAD/training/084/4.wav,MAD,training/084
RAW/MAD/training/084/5.wav,MAD,training/084
RAW/MAD/training/084/6.wav,MAD,training/084
RAW/MAD/training/084/7.wav,MAD,training/084
RAW/MAD/training/084/8.wav,MAD,training/084
RAW/MAD/training/084/9.wav,MAD,training/084
RAW/MAD/training/085/0.wav,MAD,training/085
RAW/MAD/training/085/1.wav,MAD,training/085
RAW/MAD/training/085/2.wav,MAD,training/085
RAW/MAD/training/085/3.wav,MAD,training/085
RAW/MAD/training/085/4.wav,MAD,training/085
RAW/MAD/training/085/5.wav,MAD,training/085
RAW/MAD/training/085/6.wav,MAD,training/085
RAW/MAD/training/085/7.wav,MAD,training/085
RAW/MAD/training/085/8.wav,MAD,training/085
RAW/MAD/training/086/0.wav,MAD,training/086
RAW/MAD/training/086/1.wav,MAD,training/086
RAW/MAD/training/086/2.wav,MAD,training/086
RAW/MAD/training/087/0.wav,MAD,training/087
RAW/MAD/training/087/1.wav,MAD,training/087
RAW/MAD/training/087/2.wav,MAD,training/087
RAW/MAD/training/087/3.wav,MAD,training/087
RAW/MAD/training/088/0.wav,MAD,training/088
RAW/MAD/training/088/1.wav,MAD,training/088
RAW/MAD/training/088/10.wav,MAD,training/088
RAW/MAD/training/088/11.wav,MAD,training/088
RAW/MAD/training/088/2.wav,MAD,training/088
RAW/MAD/training/088/3.wav,MAD,training/088
RAW/MAD/training/088/4.wav,MAD,training/088
RAW/MAD/training/088/5.wav,MAD,training/088
RAW/MAD/training/088/6.wav,MAD,training/088
RAW/MAD/training/088/7.wav,MAD,training/088
RAW/MAD/training/088/8.wav,MAD,training/088
RAW/MAD/training/088/9.wav,MAD,training/088
RAW/MAD/training/089/0.wav,MAD,training/089
RAW/MAD/training/089/1.wav,MAD,training/089
RAW/MAD/training/089/10.wav,MAD,training/089
RAW/MAD/training/089/11.wav,MAD,training/089
RAW/MAD/training/089/12.wav,MAD,training/089
RAW/MAD/training/089/13.wav,MAD,training/089
RAW/MAD/training/089/2.wav,MAD,training/089
RAW/MAD/training/089/3.wav,MAD,training/089
RAW/MAD/training/089/4.wav,MAD,training/089
RAW/MAD/training/089/5.wav,MAD,training/089
RAW/MAD/training/089/6.wav,MAD,training/089
RAW/MAD/training/089/7.wav,MAD,training/089
RAW/MAD/training/089/8.wav,MAD,training/089
RAW/MAD/training/089/9.wav,MAD,training/089
RAW/MAD/training/090/0.wav,MAD,training/090
RAW/MAD/training/090/1.wav,MAD,training/090
RAW/MAD/training/090/2.wav,MAD,training/090
RAW/MAD/training/091/0.wav,MAD,training/091
RAW/MAD/training/091/1.wav,MAD,training/091
RAW/MAD/training/091/2.wav,MAD,training/091
RAW/MAD/training/091/3.wav,MAD,training/091
RAW/MAD/training/091/4.wav,MAD,training/091
RAW/MAD/training/091/5.wav,MAD,training/091
RAW/MAD/training/091/6.wav,MAD,training/091
RAW/MAD/training/091/7.wav,MAD,training/091
RAW/MAD/training/091/8.wav,MAD,training/091
RAW/MAD/training/092/0.wav,MAD,training/092
RAW/MAD/training/092/1.wav,MAD,training/092
RAW/MAD/training/092/10.wav,MAD,training/092
RAW/MAD/training/092/11.wav,MAD,training/092
RAW/MAD/training/092/12.wav,MAD,training/092
RAW/MAD/training/092/13.wav,MAD,training/092
RAW/MAD/training/092/14.wav,MAD,training/092
RAW/MAD/training/092/15.wav,MAD,training/092
RAW/MAD/training/092/2.wav,MAD,training/092
RAW/MAD/training/092/3.wav,MAD,training/092
RAW/MAD/training/092/4.wav,MAD,training/092
RAW/MAD/training/092/5.wav,MAD,training/092
RAW/MAD/training/092/6.wav,MAD,training/092
RAW/MAD/training/092/7.wav,MAD,training/092
RAW/MAD/training/092/8.wav,MAD,training/092
RAW/MAD/training/092/9.wav,MAD,training/092
RAW/MAD/training/093/0.wav,MAD,training/093
RAW/MAD/training/093/1.wav,MAD,training/093
RAW/MAD/training/093/10.wav,MAD,training/093
RAW/MAD/training/093/11.wav,MAD,training/093
RAW/MAD/training/093/12.wav,MAD,training/093
RAW/MAD/training/093/13.wav,MAD,training/093
RAW/MAD/training/093/14.wav,MAD,training/093
RAW/MAD/training/093/15.wav,MAD,training/093
RAW/MAD/training/093/16.wav,MAD,training/093
RAW/MAD/training/093/17.wav,MAD,training/093
RAW/MAD/training/093/18.wav,MAD,training/093
RAW/MAD/training/093/19.wav,MAD,training/093
RAW/MAD/training/093/2.wav,MAD,training/093
RAW/MAD/training/093/20.wav,MAD,training/093
RAW/MAD/training/093/21.wav,MAD,training/093
RAW/MAD/training/093/22.wav,MAD,training/093
RAW/MAD/training/093/23.wav,MAD,training/093
RAW/MAD/training/093/3.wav,MAD,training/093
RAW/MAD/training/093/4.wav,MAD,training/093
RAW/MAD/training/093/5.wav,MAD,training/093
RAW/MAD/training/093/6.wav,MAD,training/093
RAW/MAD/training/093/7.wav,MAD,training/093
RAW/MAD/training/093/8.wav,MAD,training/093
RAW/MAD/training/093/9.wav,MAD,training/093
RAW/MAD/training/095/0.wav,MAD,training/095
RAW/MAD/training/095/1.wav,MAD,training/095
RAW/MAD/training/095/10.wav,MAD,training/095
RAW/MAD/training/095/11.wav,MAD,training/095
RAW/MAD/training/095/12.wav,MAD,training/095
RAW/MAD/training/095/13.wav,MAD,training/095
RAW/MAD/training/095/14.wav,MAD,training/095
RAW/MAD/training/095/15.wav,MAD,training/095
RAW/MAD/training/095/16.wav,MAD,training/095
RAW/MAD/training/095/17.wav,MAD,training/095
RAW/MAD/training/095/18.wav,MAD,training/095
RAW/MAD/training/095/19.wav,MAD,training/095
RAW/MAD/training/095/2.wav,MAD,training/095
RAW/MAD/training/095/20.wav,MAD,training/095
RAW/MAD/training/095/21.wav,MAD,training/095
RAW/MAD/training/095/22.wav,MAD,training/095
RAW/MAD/training/095/23.wav,MAD,training/095
RAW/MAD/training/095/24.wav,MAD,training/095
RAW/MAD/training/095/3.wav,MAD,training/095
RAW/MAD/training/095/4.wav,MAD,training/095
RAW/MAD/training/095/5.wav,MAD,training/095
RAW/MAD/training/095/6.wav,MAD,training/095
RAW/MAD/training/095/7.wav,MAD,training/095
RAW/MAD/training/095/8.wav,MAD,training/095
RAW/MAD/training/095/9.wav,MAD,training/095
RAW/MAD/training/096/0.wav,MAD,training/096
RAW/MAD/training/096/1.wav,MAD,training/096
RAW/MAD/training/096/10.wav,MAD,training/096
RAW/MAD/training/096/11.wav,MAD,training/096
RAW/MAD/training/096/12.wav,MAD,training/096
RAW/MAD/training/096/13.wav,MAD,training/096
RAW/MAD/training/096/14.wav,MAD,training/096
RAW/MAD/training/096/15.wav,MAD,training/096
RAW/MAD/training/096/16.wav,MAD,training/096
RAW/MAD/training/096/17.wav,MAD,training/096
RAW/MAD/training/096/18.wav,MAD,training/096
RAW/MAD/training/096/19.wav,MAD,training/096
RAW/MAD/training/096/2.wav,MAD,training/096
RAW/MAD/training/096/20.wav,MAD,training/096
RAW/MAD/training/096/21.wav,MAD,training/096
RAW/MAD/training/096/22.wav,MAD,training/096
RAW/MAD/training/096/23.wav,MAD,training/096
RAW/MAD/training/096/24.wav,MAD,training/096
RAW/MAD/training/096/25.wav,MAD,training/096
RAW/MAD/training/096/26.wav,MAD,training/096
RAW/MAD/training/096/27.wav,MAD,training/096
RAW/MAD/training/096/28.wav,MAD,training/096
RAW/MAD/training/096/29.wav,MAD,training/096
RAW/MAD/training/096/3.wav,MAD,training/096
RAW/MAD/training/096/30.wav,MAD,training/096
RAW/MAD/training/096/31.wav,MAD,training/096
RAW/MAD/training/096/32.wav,MAD,training/096
RAW/MAD/training/096/33.wav,MAD,training/096
RAW/MAD/training/096/34.wav,MAD,training/096
RAW/MAD/training/096/35.wav,MAD,training/096
RAW/MAD/training/096/36.wav,MAD,training/096
RAW/MAD/training/096/37.wav,MAD,training/096
RAW/MAD/training/096/38.wav,MAD,training/096
RAW/MAD/training/096/39.wav,MAD,training/096
RAW/MAD/training/096/4.wav,MAD,training/096
RAW/MAD/training/096/40.wav,MAD,training/096
RAW/MAD/training/096/5.wav,MAD,training/096
RAW/MAD/training/096/6.wav,MAD,training/096
RAW/MAD/training/096/7.wav,MAD,training/096
RAW/MAD/training/096/8.wav,MAD,training/096
RAW/MAD/training/096/9.wav,MAD,training/096
RAW/MAD/training/098/0.wav,MAD,training/098
RAW/MAD/training/098/1.wav,MAD,training/098
RAW/MAD/training/098/10.wav,MAD,training/098
RAW/MAD/training/098/11.wav,MAD,training/098
RAW/MAD/training/098/12.wav,MAD,training/098
RAW/MAD/training/098/13.wav,MAD,training/098
RAW/MAD/training/098/14.wav,MAD,training/098
RAW/MAD/training/098/15.wav,MAD,training/098
RAW/MAD/training/098/16.wav,MAD,training/098
RAW/MAD/training/098/17.wav,MAD,training/098
RAW/MAD/training/098/18.wav,MAD,training/098
RAW/MAD/training/098/19.wav,MAD,training/098
RAW/MAD/training/098/2.wav,MAD,training/098
RAW/MAD/training/098/20.wav,MAD,training/098
RAW/MAD/training/098/21.wav,MAD,training/098
RAW/MAD/training/098/22.wav,MAD,training/098
RAW/MAD/training/098/23.wav,MAD,training/098
RAW/MAD/training/098/24.wav,MAD,training/098
RAW/MAD/training/098/25.wav,MAD,training/098
RAW/MAD/training/098/26.wav,MAD,training/098
RAW/MAD/training/098/27.wav,MAD,training/098
RAW/MAD/training/098/28.wav,MAD,training/098
RAW/MAD/training/098/29.wav,MAD,training/098
RAW/MAD/training/098/3.wav,MAD,training/098
RAW/MAD/training/098/30.wav,MAD,training/098
RAW/MAD/training/098/31.wav,MAD,training/098
RAW/MAD/training/098/4.wav,MAD,training/098
RAW/MAD/training/098/5.wav,MAD,training/098
RAW/MAD/training/098/6.wav,MAD,training/098
RAW/MAD/training/098/7.wav,MAD,training/098
RAW/MAD/training/098/8.wav,MAD,training/098
RAW/MAD/training/098/9.wav,MAD,training/098
RAW/MAD/training/099/0.wav,MAD,training/099
RAW/MAD/training/099/1.wav,MAD,training/099
RAW/MAD/training/099/10.wav,MAD,training/099
RAW/MAD/training/099/11.wav,MAD,training/099
RAW/MAD/training/099/12.wav,MAD,training/099
RAW/MAD/training/099/13.wav,MAD,training/099
RAW/MAD/training/099/14.wav,MAD,training/099
RAW/MAD/training/099/15.wav,MAD,training/099
RAW/MAD/training/099/16.wav,MAD,training/099
RAW/MAD/training/099/17.wav,MAD,training/099
RAW/MAD/training/099/18.wav,MAD,training/099
RAW/MAD/training/099/19.wav,MAD,training/099
RAW/MAD/training/099/2.wav,MAD,training/099
RAW/MAD/training/099/20.wav,MAD,training/099
RAW/MAD/training/099/21.wav,MAD,training/099
RAW/MAD/training/099/3.wav,MAD,training/099
RAW/MAD/training/099/4.wav,MAD,training/099
RAW/MAD/training/099/5.wav,MAD,training/099
RAW/MAD/training/099/6.wav,MAD,training/099
RAW/MAD/training/099/7.wav,MAD,training/099
RAW/MAD/training/099/8.wav,MAD,training/099
RAW/MAD/training/099/9.wav,MAD,training/099
RAW/MAD/training/100/0.wav,MAD,training/100
RAW/MAD/training/100/1.wav,MAD,training/100
RAW/MAD/training/100/10.wav,MAD,training/100
RAW/MAD/training/100/11.wav,MAD,training/100
RAW/MAD/training/100/12.wav,MAD,training/100
RAW/MAD/training/100/13.wav,MAD,training/100
RAW/MAD/training/100/14.wav,MAD,training/100
RAW/MAD/training/100/15.wav,MAD,training/100
RAW/MAD/training/100/16.wav,MAD,training/100
RAW/MAD/training/100/17.wav,MAD,training/100
RAW/MAD/training/100/18.wav,MAD,training/100
RAW/MAD/training/100/19.wav,MAD,training/100
RAW/MAD/training/100/2.wav,MAD,training/100
RAW/MAD/training/100/20.wav,MAD,training/100
RAW/MAD/training/100/3.wav,MAD,training/100
RAW/MAD/training/100/4.wav,MAD,training/100
RAW/MAD/training/100/5.wav,MAD,training/100
RAW/MAD/training/100/6.wav,MAD,training/100
RAW/MAD/training/100/7.wav,MAD,training/100
RAW/MAD/training/100/8.wav,MAD,training/100
RAW/MAD/training/100/9.wav,MAD,training/100
RAW/MAD/training/106/0.wav,MAD,training/106
RAW/MAD/training/106/1.wav,MAD,training/106
RAW/MAD/training/107/0.wav,MAD,training/107
RAW/MAD/training/107/1.wav,MAD,training/107
RAW/MAD/training/107/10.wav,MAD,training/107
RAW/MAD/training/107/11.wav,MAD,training/107
RAW/MAD/training/107/12.wav,MAD,training/107
RAW/MAD/training/107/2.wav,MAD,training/107
RAW/MAD/training/107/3.wav,MAD,training/107
RAW/MAD/training/107/4.wav,MAD,training/107
RAW/MAD/training/107/5.wav,MAD,training/107
RAW/MAD/training/107/6.wav,MAD,training/107
RAW/MAD/training/107/7.wav,MAD,training/107
RAW/MAD/training/107/8.wav,MAD,training/107
RAW/MAD/training/107/9.wav,MAD,training/107
RAW/MAD/training/108/0.wav,MAD,training/108
RAW/MAD/training/108/1.wav,MAD,training/108
RAW/MAD/training/108/10.wav,MAD,training/108
RAW/MAD/training/108/11.wav,MAD,training/108
RAW/MAD/training/108/12.wav,MAD,training/108
RAW/MAD/training/108/13.wav,MAD,training/108
RAW/MAD/training/108/14.wav,MAD,training/108
RAW/MAD/training/108/15.wav,MAD,training/108
RAW/MAD/training/108/16.wav,MAD,training/108
RAW/MAD/training/108/17.wav,MAD,training/108
RAW/MAD/training/108/18.wav,MAD,training/108
RAW/MAD/training/108/19.wav,MAD,training/108
RAW/MAD/training/108/2.wav,MAD,training/108
RAW/MAD/training/108/20.wav,MAD,training/108
RAW/MAD/training/108/21.wav,MAD,training/108
RAW/MAD/training/108/22.wav,MAD,training/108
RAW/MAD/training/108/23.wav,MAD,training/108
RAW/MAD/training/108/24.wav,MAD,training/108
RAW/MAD/training/108/25.wav,MAD,training/108
RAW/MAD/training/108/26.wav,MAD,training/108
RAW/MAD/training/108/27.wav,MAD,training/108
RAW/MAD/training/108/28.wav,MAD,training/108
RAW/MAD/training/108/29.wav,MAD,training/108
RAW/MAD/training/108/3.wav,MAD,training/108
RAW/MAD/training/108/30.wav,MAD,training/108
RAW/MAD/training/108/4.wav,MAD,training/108
RAW/MAD/training/108/5.wav,MAD,training/108
RAW/MAD/training/108/6.wav,MAD,training/108
RAW/MAD/training/108/7.wav,MAD,training/108
RAW/MAD/training/108/8.wav,MAD,training/108
RAW/MAD/training/108/9.wav,MAD,training/108
RAW/MAD/training/109/0.wav,MAD,training/109
RAW/MAD/training/109/1.wav,MAD,training/109
RAW/MAD/training/109/10.wav,MAD,training/109
RAW/MAD/training/109/11.wav,MAD,training/109
RAW/MAD/training/109/12.wav,MAD,training/109
RAW/MAD/training/109/13.wav,MAD,training/109
RAW/MAD/training/109/14.wav,MAD,training/109
RAW/MAD/training/109/15.wav,MAD,training/109
RAW/MAD/training/109/16.wav,MAD,training/109
RAW/MAD/training/109/17.wav,MAD,training/109
RAW/MAD/training/109/18.wav,MAD,training/109
RAW/MAD/training/109/19.wav,MAD,training/109
RAW/MAD/training/109/2.wav,MAD,training/109
RAW/MAD/training/109/20.wav,MAD,training/109
RAW/MAD/training/109/21.wav,MAD,training/109
RAW/MAD/training/109/22.wav,MAD,training/109
RAW/MAD/training/109/3.wav,MAD,training/109
RAW/MAD/training/109/4.wav,MAD,training/109
RAW/MAD/training/109/5.wav,MAD,training/109
RAW/MAD/training/109/6.wav,MAD,training/109
RAW/MAD/training/109/7.wav,MAD,training/109
RAW/MAD/training/109/8.wav,MAD,training/109
RAW/MAD/training/109/9.wav,MAD,training/109
RAW/MAD/training/110/0.wav,MAD,training/110
RAW/MAD/training/110/1.wav,MAD,training/110
RAW/MAD/training/110/10.wav,MAD,training/110
RAW/MAD/training/110/11.wav,MAD,training/110
RAW/MAD/training/110/12.wav,MAD,training/110
RAW/MAD/training/110/13.wav,MAD,training/110
RAW/MAD/training/110/14.wav,MAD,training/110
RAW/MAD/training/110/15.wav,MAD,training/110
RAW/MAD/training/110/16.wav,MAD,training/110
RAW/MAD/training/110/17.wav,MAD,training/110
RAW/MAD/training/110/18.wav,MAD,training/110
RAW/MAD/training/110/19.wav,MAD,training/110
RAW/MAD/training/110/2.wav,MAD,training/110
RAW/MAD/training/110/20.wav,MAD,training/110
RAW/MAD/training/110/21.wav,MAD,training/110
RAW/MAD/training/110/22.wav,MAD,training/110
RAW/MAD/training/110/23.wav,MAD,training/110
RAW/MAD/training/110/24.wav,MAD,training/110
RAW/MAD/training/110/25.wav,MAD,training/110
RAW/MAD/training/110/26.wav,MAD,training/110
RAW/MAD/training/110/27.wav,MAD,training/110
RAW/MAD/training/110/28.wav,MAD,training/110
RAW/MAD/training/110/29.wav,MAD,training/110
RAW/MAD/training/110/3.wav,MAD,training/110
RAW/MAD/training/110/30.wav,MAD,training/110
RAW/MAD/training/110/31.wav,MAD,training/110
RAW/MAD/training/110/32.wav,MAD,training/110
RAW/MAD/training/110/33.wav,MAD,training/110
RAW/MAD/training/110/4.wav,MAD,training/110
RAW/MAD/training/110/5.wav,MAD,training/110
RAW/MAD/training/110/6.wav,MAD,training/110
RAW/MAD/training/110/7.wav,MAD,training/110
RAW/MAD/training/110/8.wav,MAD,training/110
RAW/MAD/training/110/9.wav,MAD,training/110
RAW/MAD/training/111/0.wav,MAD,training/111
RAW/MAD/training/111/1.wav,MAD,training/111
RAW/MAD/training/111/2.wav,MAD,training/111
RAW/MAD/training/111/3.wav,MAD,training/111
RAW/MAD/training/111/4.wav,MAD,training/111
RAW/MAD/training/111/5.wav,MAD,training/111
RAW/MAD/training/111/6.wav,MAD,training/111
RAW/MAD/training/111/7.wav,MAD,training/111
RAW/MAD/training/111/8.wav,MAD,training/111
RAW/MAD/training/111/9.wav,MAD,training/111
RAW/MAD/training/112/0.wav,MAD,training/112
RAW/MAD/training/112/1.wav,MAD,training/112
RAW/MAD/training/112/10.wav,MAD,training/112
RAW/MAD/training/112/11.wav,MAD,training/112
RAW/MAD/training/112/12.wav,MAD,training/112
RAW/MAD/training/112/13.wav,MAD,training/112
RAW/MAD/training/112/14.wav,MAD,training/112
RAW/MAD/training/112/15.wav,MAD,training/112
RAW/MAD/training/112/16.wav,MAD,training/112
RAW/MAD/training/112/17.wav,MAD,training/112
RAW/MAD/training/112/18.wav,MAD,training/112
RAW/MAD/training/112/19.wav,MAD,training/112
RAW/MAD/training/112/2.wav,MAD,training/112
RAW/MAD/training/112/20.wav,MAD,training/112
RAW/MAD/training/112/21.wav,MAD,training/112
RAW/MAD/training/112/22.wav,MAD,training/112
RAW/MAD/training/112/23.wav,MAD,training/112
RAW/MAD/training/112/24.wav,MAD,training/112
RAW/MAD/training/112/25.wav,MAD,training/112
RAW/MAD/training/112/26.wav,MAD,training/112
RAW/MAD/training/112/27.wav,MAD,training/112
RAW/MAD/training/112/28.wav,MAD,training/112
RAW/MAD/training/112/29.wav,MAD,training/112
RAW/MAD/training/112/3.wav,MAD,training/112
RAW/MAD/training/112/30.wav,MAD,training/112
RAW/MAD/training/112/31.wav,MAD,training/112
RAW/MAD/training/112/32.wav,MAD,training/112
RAW/MAD/training/112/33.wav,MAD,training/112
RAW/MAD/training/112/34.wav,MAD,training/112
RAW/MAD/training/112/35.wav,MAD,training/112
RAW/MAD/training/112/36.wav,MAD,training/112
RAW/MAD/training/112/37.wav,MAD,training/112
RAW/MAD/training/112/38.wav,MAD,training/112
RAW/MAD/training/112/39.wav,MAD,training/112
RAW/MAD/training/112/4.wav,MAD,training/112
RAW/MAD/training/112/40.wav,MAD,training/112
RAW/MAD/training/112/41.wav,MAD,training/112
RAW/MAD/training/112/42.wav,MAD,training/112
RAW/MAD/training/112/43.wav,MAD,training/112
RAW/MAD/training/112/44.wav,MAD,training/112
RAW/MAD/training/112/45.wav,MAD,training/112
RAW/MAD/training/112/46.wav,MAD,training/112
RAW/MAD/training/112/5.wav,MAD,training/112
RAW/MAD/training/112/6.wav,MAD,training/112
RAW/MAD/training/112/7.wav,MAD,training/112
RAW/MAD/training/112/8.wav,MAD,training/112
RAW/MAD/training/112/9.wav,MAD,training/112
RAW/MAD/training/113/0.wav,MAD,training/113
RAW/MAD/training/113/1.wav,MAD,training/113
RAW/MAD/training/113/10.wav,MAD,training/113
RAW/MAD/training/113/11.wav,MAD,training/113
RAW/MAD/training/113/12.wav,MAD,training/113
RAW/MAD/training/113/13.wav,MAD,training/113
RAW/MAD/training/113/14.wav,MAD,training/113
RAW/MAD/training/113/15.wav,MAD,training/113
RAW/MAD/training/113/16.wav,MAD,training/113
RAW/MAD/training/113/17.wav,MAD,training/113
RAW/MAD/training/113/18.wav,MAD,training/113
RAW/MAD/training/113/19.wav,MAD,training/113
RAW/MAD/training/113/2.wav,MAD,training/113
RAW/MAD/training/113/20.wav,MAD,training/113
RAW/MAD/training/113/21.wav,MAD,training/113
RAW/MAD/training/113/22.wav,MAD,training/113
RAW/MAD/training/113/23.wav,MAD,training/113
RAW/MAD/training/113/24.wav,MAD,training/113
RAW/MAD/training/113/3.wav,MAD,training/113
RAW/MAD/training/113/4.wav,MAD,training/113
RAW/MAD/training/113/5.wav,MAD,training/113
RAW/MAD/training/113/6.wav,MAD,training/113
RAW/MAD/training/113/7.wav,MAD,training/113
RAW/MAD/training/113/8.wav,MAD,training/113
RAW/MAD/training/113/9.wav,MAD,training/113
RAW/MAD/training/114/0.wav,MAD,training/114
RAW/MAD/training/114/1.wav,MAD,training/114
RAW/MAD/training/114/10.wav,MAD,training/114
RAW/MAD/training/114/11.wav,MAD,training/114
RAW/MAD/training/114/12.wav,MAD,training/114
RAW/MAD/training/114/13.wav,MAD,training/114
RAW/MAD/training/114/14.wav,MAD,training/114
RAW/MAD/training/114/15.wav,MAD,training/114
RAW/MAD/training/114/16.wav,MAD,training/114
RAW/MAD/training/114/17.wav,MAD,training/114
RAW/MAD/training/114/18.wav,MAD,training/114
RAW/MAD/training/114/19.wav,MAD,training/114
RAW/MAD/training/114/2.wav,MAD,training/114
RAW/MAD/training/114/20.wav,MAD,training/114
RAW/MAD/training/114/21.wav,MAD,training/114
RAW/MAD/training/114/22.wav,MAD,training/114
RAW/MAD/training/114/23.wav,MAD,training/114
RAW/MAD/training/114/24.wav,MAD,training/114
RAW/MAD/training/114/25.wav,MAD,training/114
RAW/MAD/training/114/26.wav,MAD,training/114
RAW/MAD/training/114/27.wav,MAD,training/114
RAW/MAD/training/114/28.wav,MAD,training/114
RAW/MAD/training/114/29.wav,MAD,training/114
RAW/MAD/training/114/3.wav,MAD,training/114
RAW/MAD/training/114/30.wav,MAD,training/114
RAW/MAD/training/114/31.wav,MAD,training/114
RAW/MAD/training/114/32.wav,MAD,training/114
RAW/MAD/training/114/33.wav,MAD,training/114
RAW/MAD/training/114/4.wav,MAD,training/114
RAW/MAD/training/114/5.wav,MAD,training/114
RAW/MAD/training/114/6.wav,MAD,training/114
RAW/MAD/training/114/7.wav,MAD,training/114
RAW/MAD/training/114/8.wav,MAD,training/114
RAW/MAD/training/114/9.wav,MAD,training/114
RAW/MAD/training/116/0.wav,MAD,training/116
RAW/MAD/training/116/1.wav,MAD,training/116
RAW/MAD/training/116/2.wav,MAD,training/116
RAW/MAD/training/116/3.wav,MAD,training/116
RAW/MAD/training/116/4.wav,MAD,training/116
RAW/MAD/training/116/5.wav,MAD,training/116
RAW/MAD/training/116/6.wav,MAD,training/116
RAW/MAD/training/116/7.wav,MAD,training/116
RAW/MAD/training/117/0.wav,MAD,training/117
RAW/MAD/training/117/1.wav,MAD,training/117
RAW/MAD/training/117/10.wav,MAD,training/117
RAW/MAD/training/117/11.wav,MAD,training/117
RAW/MAD/training/117/12.wav,MAD,training/117
RAW/MAD/training/117/13.wav,MAD,training/117
RAW/MAD/training/117/14.wav,MAD,training/117
RAW/MAD/training/117/15.wav,MAD,training/117
RAW/MAD/training/117/16.wav,MAD,training/117
RAW/MAD/training/117/17.wav,MAD,training/117
RAW/MAD/training/117/18.wav,MAD,training/117
RAW/MAD/training/117/19.wav,MAD,training/117
RAW/MAD/training/117/2.wav,MAD,training/117
RAW/MAD/training/117/20.wav,MAD,training/117
RAW/MAD/training/117/21.wav,MAD,training/117
RAW/MAD/training/117/22.wav,MAD,training/117
RAW/MAD/training/117/23.wav,MAD,training/117
RAW/MAD/training/117/24.wav,MAD,training/117
RAW/MAD/training/117/25.wav,MAD,training/117
RAW/MAD/training/117/26.wav,MAD,training/117
RAW/MAD/training/117/27.wav,MAD,training/117
RAW/MAD/training/117/28.wav,MAD,training/117
RAW/MAD/training/117/29.wav,MAD,training/117
RAW/MAD/training/117/3.wav,MAD,training/117
RAW/MAD/training/117/30.wav,MAD,training/117
RAW/MAD/training/117/31.wav,MAD,training/117
RAW/MAD/training/117/32.wav,MAD,training/117
RAW/MAD/training/117/33.wav,MAD,training/117
RAW/MAD/training/117/34.wav,MAD,training/117
RAW/MAD/training/117/35.wav,MAD,training/117
RAW/MAD/training/117/36.wav,MAD,training/117
RAW/MAD/training/117/37.wav,MAD,training/117
RAW/MAD/training/117/38.wav,MAD,training/117
RAW/MAD/training/117/39.wav,MAD,training/117
RAW/MAD/training/117/4.wav,MAD,training/117
RAW/MAD/training/117/40.wav,MAD,training/117
RAW/MAD/training/117/41.wav,MAD,training/117
RAW/MAD/training/117/42.wav,MAD,training/117
RAW/MAD/training/117/43.wav,MAD,training/117
RAW/MAD/training/117/44.wav,MAD,training/117
RAW/MAD/training/117/45.wav,MAD,training/117
RAW/MAD/training/117/46.wav,MAD,training/117
RAW/MAD/training/117/47.wav,MAD,training/117
RAW/MAD/training/117/48.wav,MAD,training/117
RAW/MAD/training/117/49.wav,MAD,training/117
RAW/MAD/training/117/5.wav,MAD,training/117
RAW/MAD/training/117/50.wav,MAD,training/117
RAW/MAD/training/117/51.wav,MAD,training/117
RAW/MAD/training/117/52.wav,MAD,training/117
RAW/MAD/training/117/53.wav,MAD,training/117
RAW/MAD/training/117/54.wav,MAD,training/117
RAW/MAD/training/117/55.wav,MAD,training/117
RAW/MAD/training/117/56.wav,MAD,training/117
RAW/MAD/training/117/6.wav,MAD,training/117
RAW/MAD/training/117/7.wav,MAD,training/117
RAW/MAD/training/117/8.wav,MAD,training/117
RAW/MAD/training/117/9.wav,MAD,training/117
RAW/MAD/training/118/0.wav,MAD,training/118
RAW/MAD/training/118/1.wav,MAD,training/118
RAW/MAD/training/118/10.wav,MAD,training/118
RAW/MAD/training/118/11.wav,MAD,training/118
RAW/MAD/training/118/12.wav,MAD,training/118
RAW/MAD/training/118/2.wav,MAD,training/118
RAW/MAD/training/118/3.wav,MAD,training/118
RAW/MAD/training/118/4.wav,MAD,training/118
RAW/MAD/training/118/5.wav,MAD,training/118
RAW/MAD/training/118/6.wav,MAD,training/118
RAW/MAD/training/118/7.wav,MAD,training/118
RAW/MAD/training/118/8.wav,MAD,training/118
RAW/MAD/training/118/9.wav,MAD,training/118
RAW/MAD/training/119/0.wav,MAD,training/119
RAW/MAD/training/119/1.wav,MAD,training/119
RAW/MAD/training/119/10.wav,MAD,training/119
RAW/MAD/training/119/11.wav,MAD,training/119
RAW/MAD/training/119/12.wav,MAD,training/119
RAW/MAD/training/119/13.wav,MAD,training/119
RAW/MAD/training/119/14.wav,MAD,training/119
RAW/MAD/training/119/15.wav,MAD,training/119
RAW/MAD/training/119/16.wav,MAD,training/119
RAW/MAD/training/119/17.wav,MAD,training/119
RAW/MAD/training/119/18.wav,MAD,training/119
RAW/MAD/training/119/19.wav,MAD,training/119
RAW/MAD/training/119/2.wav,MAD,training/119
RAW/MAD/training/119/20.wav,MAD,training/119
RAW/MAD/training/119/21.wav,MAD,training/119
RAW/MAD/training/119/22.wav,MAD,training/119
RAW/MAD/training/119/3.wav,MAD,training/119
RAW/MAD/training/119/4.wav,MAD,training/119
RAW/MAD/training/119/5.wav,MAD,training/119
RAW/MAD/training/119/6.wav,MAD,training/119
RAW/MAD/training/119/7.wav,MAD,training/119
RAW/MAD/training/119/8.wav,MAD,training/119
RAW/MAD/training/119/9.wav,MAD,training/119
RAW/MAD/training/120/0.wav,MAD,training/120
RAW/MAD/training/120/1.wav,MAD,training/120
RAW/MAD/training/120/10.wav,MAD,training/120
RAW/MAD/training/120/11.wav,MAD,training/120
RAW/MAD/training/120/12.wav,MAD,training/120
RAW/MAD/training/120/13.wav,MAD,training/120
RAW/MAD/training/120/14.wav,MAD,training/120
RAW/MAD/training/120/15.wav,MAD,training/120
RAW/MAD/training/120/16.wav,MAD,training/120
RAW/MAD/training/120/17.wav,MAD,training/120
RAW/MAD/training/120/18.wav,MAD,training/120
RAW/MAD/training/120/19.wav,MAD,training/120
RAW/MAD/training/120/2.wav,MAD,training/120
RAW/MAD/training/120/20.wav,MAD,training/120
RAW/MAD/training/120/21.wav,MAD,training/120
RAW/MAD/training/120/22.wav,MAD,training/120
RAW/MAD/training/120/23.wav,MAD,training/120
RAW/MAD/training/120/24.wav,MAD,training/120
RAW/MAD/training/120/25.wav,MAD,training/120
RAW/MAD/training/120/26.wav,MAD,training/120
RAW/MAD/training/120/27.wav,MAD,training/120
RAW/MAD/training/120/28.wav,MAD,training/120
RAW/MAD/training/120/29.wav,MAD,training/120
RAW/MAD/training/120/3.wav,MAD,training/120
RAW/MAD/training/120/30.wav,MAD,training/120
RAW/MAD/training/120/31.wav,MAD,training/120
RAW/MAD/training/120/32.wav,MAD,training/120
RAW/MAD/training/120/33.wav,MAD,training/120
RAW/MAD/training/120/34.wav,MAD,training/120
RAW/MAD/training/120/35.wav,MAD,training/120
RAW/MAD/training/120/36.wav,MAD,training/120
RAW/MAD/training/120/37.wav,MAD,training/120
RAW/MAD/training/120/38.wav,MAD,training/120
RAW/MAD/training/120/39.wav,MAD,training/120
RAW/MAD/training/120/4.wav,MAD,training/120
RAW/MAD/training/120/40.wav,MAD,training/120
RAW/MAD/training/120/41.wav,MAD,training/120
RAW/MAD/training/120/42.wav,MAD,training/120
RAW/MAD/training/120/43.wav,MAD,training/120
RAW/MAD/training/120/44.wav,MAD,training/120
RAW/MAD/training/120/5.wav,MAD,training/120
RAW/MAD/training/120/6.wav,MAD,training/120
RAW/MAD/training/120/7.wav,MAD,training/120
RAW/MAD/training/120/8.wav,MAD,training/120
RAW/MAD/training/120/9.wav,MAD,training/120
RAW/MAD/training/122/0.wav,MAD,training/122
RAW/MAD/training/122/1.wav,MAD,training/122
RAW/MAD/training/122/10.wav,MAD,training/122
RAW/MAD/training/122/11.wav,MAD,training/122
RAW/MAD/training/122/12.wav,MAD,training/122
RAW/MAD/training/122/13.wav,MAD,training/122
RAW/MAD/training/122/14.wav,MAD,training/122
RAW/MAD/training/122/15.wav,MAD,training/122
RAW/MAD/training/122/16.wav,MAD,training/122
RAW/MAD/training/122/17.wav,MAD,training/122
RAW/MAD/training/122/18.wav,MAD,training/122
RAW/MAD/training/122/19.wav,MAD,training/122
RAW/MAD/training/122/2.wav,MAD,training/122
RAW/MAD/training/122/20.wav,MAD,training/122
RAW/MAD/training/122/21.wav,MAD,training/122
RAW/MAD/training/122/22.wav,MAD,training/122
RAW/MAD/training/122/23.wav,MAD,training/122
RAW/MAD/training/122/24.wav,MAD,training/122
RAW/MAD/training/122/25.wav,MAD,training/122
RAW/MAD/training/122/26.wav,MAD,training/122
RAW/MAD/training/122/27.wav,MAD,training/122
RAW/MAD/training/122/28.wav,MAD,training/122
RAW/MAD/training/122/29.wav,MAD,training/122
RAW/MAD/training/122/3.wav,MAD,training/122
RAW/MAD/training/122/30.wav,MAD,training/122
RAW/MAD/training/122/31.wav,MAD,training/122
RAW/MAD/training/122/4.wav,MAD,training/122
RAW/MAD/training/122/5.wav,MAD,training/122
RAW/MAD/training/122/6.wav,MAD,training/122
RAW/MAD/training/122/7.wav,MAD,training/122
RAW/MAD/training/122/8.wav,MAD,training/122
RAW/MAD/training/122/9.wav,MAD,training/122
RAW/MAD/training/123/0.wav,MAD,training/123
RAW/MAD/training/123/1.wav,MAD,training/123
RAW/MAD/training/123/10.wav,MAD,training/123
RAW/MAD/training/123/11.wav,MAD,training/123
RAW/MAD/training/123/12.wav,MAD,training/123
RAW/MAD/training/123/13.wav,MAD,training/123
RAW/MAD/training/123/14.wav,MAD,training/123
RAW/MAD/training/123/15.wav,MAD,training/123
RAW/MAD/training/123/16.wav,MAD,training/123
RAW/MAD/training/123/17.wav,MAD,training/123
RAW/MAD/training/123/18.wav,MAD,training/123
RAW/MAD/training/123/19.wav,MAD,training/123
RAW/MAD/training/123/2.wav,MAD,training/123
RAW/MAD/training/123/20.wav,MAD,training/123
RAW/MAD/training/123/21.wav,MAD,training/123
RAW/MAD/training/123/22.wav,MAD,training/123
RAW/MAD/training/123/23.wav,MAD,training/123
RAW/MAD/training/123/24.wav,MAD,training/123
RAW/MAD/training/123/25.wav,MAD,training/123
RAW/MAD/training/123/26.wav,MAD,training/123
RAW/MAD/training/123/27.wav,MAD,training/123
RAW/MAD/training/123/28.wav,MAD,training/123
RAW/MAD/training/123/29.wav,MAD,training/123
RAW/MAD/training/123/3.wav,MAD,training/123
RAW/MAD/training/123/4.wav,MAD,training/123
RAW/MAD/training/123/5.wav,MAD,training/123
RAW/MAD/training/123/6.wav,MAD,training/123
RAW/MAD/training/123/7.wav,MAD,training/123
RAW/MAD/training/123/8.wav,MAD,training/123
RAW/MAD/training/123/9.wav,MAD,training/123
RAW/MAD/training/124/0.wav,MAD,training/124
RAW/MAD/training/124/1.wav,MAD,training/124
RAW/MAD/training/124/10.wav,MAD,training/124
RAW/MAD/training/124/11.wav,MAD,training/124
RAW/MAD/training/124/12.wav,MAD,training/124
RAW/MAD/training/124/13.wav,MAD,training/124
RAW/MAD/training/124/14.wav,MAD,training/124
RAW/MAD/training/124/15.wav,MAD,training/124
RAW/MAD/training/124/16.wav,MAD,training/124
RAW/MAD/training/124/17.wav,MAD,training/124
RAW/MAD/training/124/18.wav,MAD,training/124
RAW/MAD/training/124/19.wav,MAD,training/124
RAW/MAD/training/124/2.wav,MAD,training/124
RAW/MAD/training/124/20.wav,MAD,training/124
RAW/MAD/training/124/21.wav,MAD,training/124
RAW/MAD/training/124/22.wav,MAD,training/124
RAW/MAD/training/124/23.wav,MAD,training/124
RAW/MAD/training/124/24.wav,MAD,training/124
RAW/MAD/training/124/25.wav,MAD,training/124
RAW/MAD/training/124/26.wav,MAD,training/124
RAW/MAD/training/124/3.wav,MAD,training/124
RAW/MAD/training/124/4.wav,MAD,training/124
RAW/MAD/training/124/5.wav,MAD,training/124
RAW/MAD/training/124/6.wav,MAD,training/124
RAW/MAD/training/124/7.wav,MAD,training/124
RAW/MAD/training/124/8.wav,MAD,training/124
RAW/MAD/training/124/9.wav,MAD,training/124
RAW/MAD/training/125/0.wav,MAD,training/125
RAW/MAD/training/125/1.wav,MAD,training/125
RAW/MAD/training/125/10.wav,MAD,training/125
RAW/MAD/training/125/11.wav,MAD,training/125
RAW/MAD/training/125/12.wav,MAD,training/125
RAW/MAD/training/125/13.wav,MAD,training/125
RAW/MAD/training/125/14.wav,MAD,training/125
RAW/MAD/training/125/15.wav,MAD,training/125
RAW/MAD/training/125/2.wav,MAD,training/125
RAW/MAD/training/125/3.wav,MAD,training/125
RAW/MAD/training/125/4.wav,MAD,training/125
RAW/MAD/training/125/5.wav,MAD,training/125
RAW/MAD/training/125/6.wav,MAD,training/125
RAW/MAD/training/125/7.wav,MAD,training/125
RAW/MAD/training/125/8.wav,MAD,training/125
RAW/MAD/training/125/9.wav,MAD,training/125
RAW/MAD/training/126/0.wav,MAD,training/126
RAW/MAD/training/126/1.wav,MAD,training/126
RAW/MAD/training/126/10.wav,MAD,training/126
RAW/MAD/training/126/11.wav,MAD,training/126
RAW/MAD/training/126/12.wav,MAD,training/126
RAW/MAD/training/126/13.wav,MAD,training/126
RAW/MAD/training/126/14.wav,MAD,training/126
RAW/MAD/training/126/15.wav,MAD,training/126
RAW/MAD/training/126/16.wav,MAD,training/126
RAW/MAD/training/126/17.wav,MAD,training/126
RAW/MAD/training/126/18.wav,MAD,training/126
RAW/MAD/training/126/19.wav,MAD,training/126
RAW/MAD/training/126/2.wav,MAD,training/126
RAW/MAD/training/126/20.wav,MAD,training/126
RAW/MAD/training/126/21.wav,MAD,training/126
RAW/MAD/training/126/22.wav,MAD,training/126
RAW/MAD/training/126/23.wav,MAD,training/126
RAW/MAD/training/126/24.wav,MAD,training/126
RAW/MAD/training/126/25.wav,MAD,training/126
RAW/MAD/training/126/26.wav,MAD,training/126
RAW/MAD/training/126/27.wav,MAD,training/126
RAW/MAD/training/126/28.wav,MAD,training/126
RAW/MAD/training/126/29.wav,MAD,training/126
RAW/MAD/training/126/3.wav,MAD,training/126
RAW/MAD/training/126/30.wav,MAD,training/126
RAW/MAD/training/126/31.wav,MAD,training/126
RAW/MAD/training/126/32.wav,MAD,training/126
RAW/MAD/training/126/33.wav,MAD,training/126
RAW/MAD/training/126/34.wav,MAD,training/126
RAW/MAD/training/126/35.wav,MAD,training/126
RAW/MAD/training/126/36.wav,MAD,training/126
RAW/MAD/training/126/37.wav,MAD,training/126
RAW/MAD/training/126/38.wav,MAD,training/126
RAW/MAD/training/126/39.wav,MAD,training/126
RAW/MAD/training/126/4.wav,MAD,training/126
RAW/MAD/training/126/40.wav,MAD,training/126
RAW/MAD/training/126/41.wav,MAD,training/126
RAW/MAD/training/126/42.wav,MAD,training/126
RAW/MAD/training/126/43.wav,MAD,training/126
RAW/MAD/training/126/44.wav,MAD,training/126
RAW/MAD/training/126/45.wav,MAD,training/126
RAW/MAD/training/126/46.wav,MAD,training/126
RAW/MAD/training/126/47.wav,MAD,training/126
RAW/MAD/training/126/48.wav,MAD,training/126
RAW/MAD/training/126/49.wav,MAD,training/126
RAW/MAD/training/126/5.wav,MAD,training/126
RAW/MAD/training/126/50.wav,MAD,training/126
RAW/MAD/training/126/51.wav,MAD,training/126
RAW/MAD/training/126/52.wav,MAD,training/126
RAW/MAD/training/126/53.wav,MAD,training/126
RAW/MAD/training/126/54.wav,MAD,training/126
RAW/MAD/training/126/55.wav,MAD,training/126
RAW/MAD/training/126/56.wav,MAD,training/126
RAW/MAD/training/126/57.wav,MAD,training/126
RAW/MAD/training/126/58.wav,MAD,training/126
RAW/MAD/training/126/59.wav,MAD,training/126
RAW/MAD/training/126/6.wav,MAD,training/126
RAW/MAD/training/126/60.wav,MAD,training/126
RAW/MAD/training/126/7.wav,MAD,training/126
RAW/MAD/training/126/8.wav,MAD,training/126
RAW/MAD/training/126/9.wav,MAD,training/126
RAW/MAD/training/128/0.wav,MAD,training/128
RAW/MAD/training/128/1.wav,MAD,training/128
RAW/MAD/training/128/10.wav,MAD,training/128
RAW/MAD/training/128/11.wav,MAD,training/128
RAW/MAD/training/128/12.wav,MAD,training/128
RAW/MAD/training/128/13.wav,MAD,training/128
RAW/MAD/training/128/14.wav,MAD,training/128
RAW/MAD/training/128/15.wav,MAD,training/128
RAW/MAD/training/128/16.wav,MAD,training/128
RAW/MAD/training/128/17.wav,MAD,training/128
RAW/MAD/training/128/18.wav,MAD,training/128
RAW/MAD/training/128/19.wav,MAD,training/128
RAW/MAD/training/128/2.wav,MAD,training/128
RAW/MAD/training/128/20.wav,MAD,training/128
RAW/MAD/training/128/21.wav,MAD,training/128
RAW/MAD/training/128/22.wav,MAD,training/128
RAW/MAD/training/128/23.wav,MAD,training/128
RAW/MAD/training/128/24.wav,MAD,training/128
RAW/MAD/training/128/25.wav,MAD,training/128
RAW/MAD/training/128/26.wav,MAD,training/128
RAW/MAD/training/128/27.wav,MAD,training/128
RAW/MAD/training/128/28.wav,MAD,training/128
RAW/MAD/training/128/29.wav,MAD,training/128
RAW/MAD/training/128/3.wav,MAD,training/128
RAW/MAD/training/128/30.wav,MAD,training/128
RAW/MAD/training/128/31.wav,MAD,training/128
RAW/MAD/training/128/32.wav,MAD,training/128
RAW/MAD/training/128/33.wav,MAD,training/128
RAW/MAD/training/128/34.wav,MAD,training/128
RAW/MAD/training/128/35.wav,MAD,training/128
RAW/MAD/training/128/36.wav,MAD,training/128
RAW/MAD/training/128/37.wav,MAD,training/128
RAW/MAD/training/128/38.wav,MAD,training/128
RAW/MAD/training/128/39.wav,MAD,training/128
RAW/MAD/training/128/4.wav,MAD,training/128
RAW/MAD/training/128/40.wav,MAD,training/128
RAW/MAD/training/128/41.wav,MAD,training/128
RAW/MAD/training/128/42.wav,MAD,training/128
RAW/MAD/training/128/43.wav,MAD,training/128
RAW/MAD/training/128/44.wav,MAD,training/128
RAW/MAD/training/128/45.wav,MAD,training/128
RAW/MAD/training/128/46.wav,MAD,training/128
RAW/MAD/training/128/47.wav,MAD,training/128
RAW/MAD/training/128/48.wav,MAD,training/128
RAW/MAD/training/128/49.wav,MAD,training/128
RAW/MAD/training/128/5.wav,MAD,training/128
RAW/MAD/training/128/50.wav,MAD,training/128
RAW/MAD/training/128/51.wav,MAD,training/128
RAW/MAD/training/128/52.wav,MAD,training/128
RAW/MAD/training/128/53.wav,MAD,training/128
RAW/MAD/training/128/54.wav,MAD,training/128
RAW/MAD/training/128/55.wav,MAD,training/128
RAW/MAD/training/128/56.wav,MAD,training/128
RAW/MAD/training/128/57.wav,MAD,training/128
RAW/MAD/training/128/58.wav,MAD,training/128
RAW/MAD/training/128/59.wav,MAD,training/128
RAW/MAD/training/128/6.wav,MAD,training/128
RAW/MAD/training/128/60.wav,MAD,training/128
RAW/MAD/training/128/61.wav,MAD,training/128
RAW/MAD/training/128/62.wav,MAD,training/128
RAW/MAD/training/128/63.wav,MAD,training/128
RAW/MAD/training/128/64.wav,MAD,training/128
RAW/MAD/training/128/65.wav,MAD,training/128
RAW/MAD/training/128/7.wav,MAD,training/128
RAW/MAD/training/128/8.wav,MAD,training/128
RAW/MAD/training/128/9.wav,MAD,training/128
RAW/MAD/training/129/0.wav,MAD,training/129
RAW/MAD/training/129/1.wav,MAD,training/129
RAW/MAD/training/129/10.wav,MAD,training/129
RAW/MAD/training/129/11.wav,MAD,training/129
RAW/MAD/training/129/12.wav,MAD,training/129
RAW/MAD/training/129/13.wav,MAD,training/129
RAW/MAD/training/129/14.wav,MAD,training/129
RAW/MAD/training/129/15.wav,MAD,training/129
RAW/MAD/training/129/16.wav,MAD,training/129
RAW/MAD/training/129/17.wav,MAD,training/129
RAW/MAD/training/129/18.wav,MAD,training/129
RAW/MAD/training/129/19.wav,MAD,training/129
RAW/MAD/training/129/2.wav,MAD,training/129
RAW/MAD/training/129/20.wav,MAD,training/129
RAW/MAD/training/129/21.wav,MAD,training/129
RAW/MAD/training/129/22.wav,MAD,training/129
RAW/MAD/training/129/23.wav,MAD,training/129
RAW/MAD/training/129/24.wav,MAD,training/129
RAW/MAD/training/129/25.wav,MAD,training/129
RAW/MAD/training/129/26.wav,MAD,training/129
RAW/MAD/training/129/27.wav,MAD,training/129
RAW/MAD/training/129/28.wav,MAD,training/129
RAW/MAD/training/129/29.wav,MAD,training/129
RAW/MAD/training/129/3.wav,MAD,training/129
RAW/MAD/training/129/4.wav,MAD,training/129
RAW/MAD/training/129/5.wav,MAD,training/129
RAW/MAD/training/129/6.wav,MAD,training/129
RAW/MAD/training/129/7.wav,MAD,training/129
RAW/MAD/training/129/8.wav,MAD,training/129
RAW/MAD/training/129/9.wav,MAD,training/129
RAW/MAD/training/130/0.wav,MAD,training/130
RAW/MAD/training/130/1.wav,MAD,training/130
RAW/MAD/training/130/10.wav,MAD,training/130
RAW/MAD/training/130/11.wav,MAD,training/130
RAW/MAD/training/130/12.wav,MAD,training/130
RAW/MAD/training/130/13.wav,MAD,training/130
RAW/MAD/training/130/2.wav,MAD,training/130
RAW/MAD/training/130/3.wav,MAD,training/130
RAW/MAD/training/130/4.wav,MAD,training/130
RAW/MAD/training/130/5.wav,MAD,training/130
RAW/MAD/training/130/6.wav,MAD,training/130
RAW/MAD/training/130/7.wav,MAD,training/130
RAW/MAD/training/130/8.wav,MAD,training/130
RAW/MAD/training/130/9.wav,MAD,training/130
RAW/MAD/training/131/0.wav,MAD,training/131
RAW/MAD/training/131/1.wav,MAD,training/131
RAW/MAD/training/131/10.wav,MAD,training/131
RAW/MAD/training/131/2.wav,MAD,training/131
RAW/MAD/training/131/3.wav,MAD,training/131
RAW/MAD/training/131/4.wav,MAD,training/131
RAW/MAD/training/131/5.wav,MAD,training/131
RAW/MAD/training/131/6.wav,MAD,training/131
RAW/MAD/training/131/7.wav,MAD,training/131
RAW/MAD/training/131/8.wav,MAD,training/131
RAW/MAD/training/131/9.wav,MAD,training/131
RAW/MAD/training/132/0.wav,MAD,training/132
RAW/MAD/training/132/1.wav,MAD,training/132
RAW/MAD/training/132/2.wav,MAD,training/132
RAW/MAD/training/134/0.wav,MAD,training/134
RAW/MAD/training/134/1.wav,MAD,training/134
RAW/MAD/training/134/2.wav,MAD,training/134
RAW/MAD/training/134/3.wav,MAD,training/134
RAW/MAD/training/134/4.wav,MAD,training/134
RAW/MAD/training/134/5.wav,MAD,training/134
RAW/MAD/training/134/6.wav,MAD,training/134
RAW/MAD/training/134/7.wav,MAD,training/134
RAW/MAD/training/135/0.wav,MAD,training/135
RAW/MAD/training/135/1.wav,MAD,training/135
RAW/MAD/training/135/2.wav,MAD,training/135
RAW/MAD/training/135/3.wav,MAD,training/135
RAW/MAD/training/135/4.wav,MAD,training/135
RAW/MAD/training/135/5.wav,MAD,training/135
RAW/MAD/training/135/6.wav,MAD,training/135
RAW/MAD/training/136/0.wav,MAD,training/136
RAW/MAD/training/136/1.wav,MAD,training/136
RAW/MAD/training/136/10.wav,MAD,training/136
RAW/MAD/training/136/11.wav,MAD,training/136
RAW/MAD/training/136/12.wav,MAD,training/136
RAW/MAD/training/136/13.wav,MAD,training/136
RAW/MAD/training/136/14.wav,MAD,training/136
RAW/MAD/training/136/15.wav,MAD,training/136
RAW/MAD/training/136/16.wav,MAD,training/136
RAW/MAD/training/136/17.wav,MAD,training/136
RAW/MAD/training/136/18.wav,MAD,training/136
RAW/MAD/training/136/19.wav,MAD,training/136
RAW/MAD/training/136/2.wav,MAD,training/136
RAW/MAD/training/136/20.wav,MAD,training/136
RAW/MAD/training/136/21.wav,MAD,training/136
RAW/MAD/training/136/22.wav,MAD,training/136
RAW/MAD/training/136/23.wav,MAD,training/136
RAW/MAD/training/136/24.wav,MAD,training/136
RAW/MAD/training/136/25.wav,MAD,training/136
RAW/MAD/training/136/26.wav,MAD,training/136
RAW/MAD/training/136/27.wav,MAD,training/136
RAW/MAD/training/136/28.wav,MAD,training/136
RAW/MAD/training/136/29.wav,MAD,training/136
RAW/MAD/training/136/3.wav,MAD,training/136
RAW/MAD/training/136/30.wav,MAD,training/136
RAW/MAD/training/136/31.wav,MAD,training/136
RAW/MAD/training/136/32.wav,MAD,training/136
RAW/MAD/training/136/33.wav,MAD,training/136
RAW/MAD/training/136/34.wav,MAD,training/136
RAW/MAD/training/136/35.wav,MAD,training/136
RAW/MAD/training/136/36.wav,MAD,training/136
RAW/MAD/training/136/37.wav,MAD,training/136
RAW/MAD/training/136/38.wav,MAD,training/136
RAW/MAD/training/136/39.wav,MAD,training/136
RAW/MAD/training/136/4.wav,MAD,training/136
RAW/MAD/training/136/40.wav,MAD,training/136
RAW/MAD/training/136/5.wav,MAD,training/136
RAW/MAD/training/136/6.wav,MAD,training/136
RAW/MAD/training/136/7.wav,MAD,training/136
RAW/MAD/training/136/8.wav,MAD,training/136
RAW/MAD/training/136/9.wav,MAD,training/136
RAW/MAD/training/137/0.wav,MAD,training/137
RAW/MAD/training/137/1.wav,MAD,training/137
RAW/MAD/training/137/10.wav,MAD,training/137
RAW/MAD/training/137/11.wav,MAD,training/137
RAW/MAD/training/137/12.wav,MAD,training/137
RAW/MAD/training/137/13.wav,MAD,training/137
RAW/MAD/training/137/14.wav,MAD,training/137
RAW/MAD/training/137/15.wav,MAD,training/137
RAW/MAD/training/137/16.wav,MAD,training/137
RAW/MAD/training/137/17.wav,MAD,training/137
RAW/MAD/training/137/18.wav,MAD,training/137
RAW/MAD/training/137/19.wav,MAD,training/137
RAW/MAD/training/137/2.wav,MAD,training/137
RAW/MAD/training/137/20.wav,MAD,training/137
RAW/MAD/training/137/21.wav,MAD,training/137
RAW/MAD/training/137/22.wav,MAD,training/137
RAW/MAD/training/137/23.wav,MAD,training/137
RAW/MAD/training/137/24.wav,MAD,training/137
RAW/MAD/training/137/25.wav,MAD,training/137
RAW/MAD/training/137/26.wav,MAD,training/137
RAW/MAD/training/137/27.wav,MAD,training/137
RAW/MAD/training/137/28.wav,MAD,training/137
RAW/MAD/training/137/29.wav,MAD,training/137
RAW/MAD/training/137/3.wav,MAD,training/137
RAW/MAD/training/137/30.wav,MAD,training/137
RAW/MAD/training/137/31.wav,MAD,training/137
RAW/MAD/training/137/32.wav,MAD,training/137
RAW/MAD/training/137/33.wav,MAD,training/137
RAW/MAD/training/137/34.wav,MAD,training/137
RAW/MAD/training/137/35.wav,MAD,training/137
RAW/MAD/training/137/36.wav,MAD,training/137
RAW/MAD/training/137/37.wav,MAD,training/137
RAW/MAD/training/137/38.wav,MAD,training/137
RAW/MAD/training/137/39.wav,MAD,training/137
RAW/MAD/training/137/4.wav,MAD,training/137
RAW/MAD/training/137/40.wav,MAD,training/137
RAW/MAD/training/137/41.wav,MAD,training/137
RAW/MAD/training/137/42.wav,MAD,training/137
RAW/MAD/training/137/43.wav,MAD,training/137
RAW/MAD/training/137/44.wav,MAD,training/137
RAW/MAD/training/137/45.wav,MAD,training/137
RAW/MAD/training/137/46.wav,MAD,training/137
RAW/MAD/training/137/47.wav,MAD,training/137
RAW/MAD/training/137/48.wav,MAD,training/137
RAW/MAD/training/137/5.wav,MAD,training/137
RAW/MAD/training/137/6.wav,MAD,training/137
RAW/MAD/training/137/7.wav,MAD,training/137
RAW/MAD/training/137/8.wav,MAD,training/137
RAW/MAD/training/137/9.wav,MAD,training/137
RAW/MAD/training/138/0.wav,MAD,training/138
RAW/MAD/training/138/1.wav,MAD,training/138
RAW/MAD/training/138/2.wav,MAD,training/138
RAW/MAD/training/138/3.wav,MAD,training/138
RAW/MAD/training/138/4.wav,MAD,training/138
RAW/MAD/training/138/5.wav,MAD,training/138
RAW/MAD/training/138/6.wav,MAD,training/138
RAW/MAD/training/138/7.wav,MAD,training/138
RAW/MAD/training/138/8.wav,MAD,training/138
RAW/MAD/training/139/0.wav,MAD,training/139
RAW/MAD/training/139/1.wav,MAD,training/139
RAW/MAD/training/139/10.wav,MAD,training/139
RAW/MAD/training/139/2.wav,MAD,training/139
RAW/MAD/training/139/3.wav,MAD,training/139
RAW/MAD/training/139/4.wav,MAD,training/139
RAW/MAD/training/139/5.wav,MAD,training/139
RAW/MAD/training/139/6.wav,MAD,training/139
RAW/MAD/training/139/7.wav,MAD,training/139
RAW/MAD/training/139/8.wav,MAD,training/139
RAW/MAD/training/139/9.wav,MAD,training/139
RAW/MAD/training/140/0.wav,MAD,training/140
RAW/MAD/training/140/1.wav,MAD,training/140
RAW/MAD/training/140/2.wav,MAD,training/140
RAW/MAD/training/142/0.wav,MAD,training/142
RAW/MAD/training/142/1.wav,MAD,training/142
RAW/MAD/training/142/2.wav,MAD,training/142
RAW/MAD/training/144/0.wav,MAD,training/144
RAW/MAD/training/144/1.wav,MAD,training/144
RAW/MAD/training/144/10.wav,MAD,training/144
RAW/MAD/training/144/11.wav,MAD,training/144
RAW/MAD/training/144/12.wav,MAD,training/144
RAW/MAD/training/144/13.wav,MAD,training/144
RAW/MAD/training/144/14.wav,MAD,training/144
RAW/MAD/training/144/15.wav,MAD,training/144
RAW/MAD/training/144/16.wav,MAD,training/144
RAW/MAD/training/144/17.wav,MAD,training/144
RAW/MAD/training/144/18.wav,MAD,training/144
RAW/MAD/training/144/19.wav,MAD,training/144
RAW/MAD/training/144/2.wav,MAD,training/144
RAW/MAD/training/144/20.wav,MAD,training/144
RAW/MAD/training/144/21.wav,MAD,training/144
RAW/MAD/training/144/22.wav,MAD,training/144
RAW/MAD/training/144/23.wav,MAD,training/144
RAW/MAD/training/144/24.wav,MAD,training/144
RAW/MAD/training/144/25.wav,MAD,training/144
RAW/MAD/training/144/26.wav,MAD,training/144
RAW/MAD/training/144/27.wav,MAD,training/144
RAW/MAD/training/144/28.wav,MAD,training/144
RAW/MAD/training/144/29.wav,MAD,training/144
RAW/MAD/training/144/3.wav,MAD,training/144
RAW/MAD/training/144/30.wav,MAD,training/144
RAW/MAD/training/144/31.wav,MAD,training/144
RAW/MAD/training/144/32.wav,MAD,training/144
RAW/MAD/training/144/33.wav,MAD,training/144
RAW/MAD/training/144/34.wav,MAD,training/144
RAW/MAD/training/144/35.wav,MAD,training/144
RAW/MAD/training/144/36.wav,MAD,training/144
RAW/MAD/training/144/4.wav,MAD,training/144
RAW/MAD/training/144/5.wav,MAD,training/144
RAW/MAD/training/144/6.wav,MAD,training/144
RAW/MAD/training/144/7.wav,MAD,training/144
RAW/MAD/training/144/8.wav,MAD,training/144
RAW/MAD/training/144/9.wav,MAD,training/144
RAW/MAD/training/145/0.wav,MAD,training/145
RAW/MAD/training/145/1.wav,MAD,training/145
RAW/MAD/training/145/10.wav,MAD,training/145
RAW/MAD/training/145/11.wav,MAD,training/145
RAW/MAD/training/145/12.wav,MAD,training/145
RAW/MAD/training/145/13.wav,MAD,training/145
RAW/MAD/training/145/14.wav,MAD,training/145
RAW/MAD/training/145/15.wav,MAD,training/145
RAW/MAD/training/145/16.wav,MAD,training/145
RAW/MAD/training/145/17.wav,MAD,training/145
RAW/MAD/training/145/18.wav,MAD,training/145
RAW/MAD/training/145/19.wav,MAD,training/145
RAW/MAD/training/145/2.wav,MAD,training/145
RAW/MAD/training/145/20.wav,MAD,training/145
RAW/MAD/training/145/21.wav,MAD,training/145
RAW/MAD/training/145/22.wav,MAD,training/145
RAW/MAD/training/145/23.wav,MAD,training/145
RAW/MAD/training/145/24.wav,MAD,training/145
RAW/MAD/training/145/3.wav,MAD,training/145
RAW/MAD/training/145/4.wav,MAD,training/145
RAW/MAD/training/145/5.wav,MAD,training/145
RAW/MAD/training/145/6.wav,MAD,training/145
RAW/MAD/training/145/7.wav,MAD,training/145
RAW/MAD/training/145/8.wav,MAD,training/145
RAW/MAD/training/145/9.wav,MAD,training/145
RAW/MAD/training/146/0.wav,MAD,training/146
RAW/MAD/training/146/1.wav,MAD,training/146
RAW/MAD/training/146/10.wav,MAD,training/146
RAW/MAD/training/146/11.wav,MAD,training/146
RAW/MAD/training/146/12.wav,MAD,training/146
RAW/MAD/training/146/13.wav,MAD,training/146
RAW/MAD/training/146/14.wav,MAD,training/146
RAW/MAD/training/146/15.wav,MAD,training/146
RAW/MAD/training/146/16.wav,MAD,training/146
RAW/MAD/training/146/17.wav,MAD,training/146
RAW/MAD/training/146/18.wav,MAD,training/146
RAW/MAD/training/146/19.wav,MAD,training/146
RAW/MAD/training/146/2.wav,MAD,training/146
RAW/MAD/training/146/20.wav,MAD,training/146
RAW/MAD/training/146/21.wav,MAD,training/146
RAW/MAD/training/146/22.wav,MAD,training/146
RAW/MAD/training/146/23.wav,MAD,training/146
RAW/MAD/training/146/3.wav,MAD,training/146
RAW/MAD/training/146/4.wav,MAD,training/146
RAW/MAD/training/146/5.wav,MAD,training/146
RAW/MAD/training/146/6.wav,MAD,training/146
RAW/MAD/training/146/7.wav,MAD,training/146
RAW/MAD/training/146/8.wav,MAD,training/146
RAW/MAD/training/146/9.wav,MAD,training/146
RAW/MAD/training/149/0.wav,MAD,training/149
RAW/MAD/training/149/1.wav,MAD,training/149
RAW/MAD/training/149/10.wav,MAD,training/149
RAW/MAD/training/149/11.wav,MAD,training/149
RAW/MAD/training/149/12.wav,MAD,training/149
RAW/MAD/training/149/13.wav,MAD,training/149
RAW/MAD/training/149/14.wav,MAD,training/149
RAW/MAD/training/149/15.wav,MAD,training/149
RAW/MAD/training/149/2.wav,MAD,training/149
RAW/MAD/training/149/3.wav,MAD,training/149
RAW/MAD/training/149/4.wav,MAD,training/149
RAW/MAD/training/149/5.wav,MAD,training/149
RAW/MAD/training/149/6.wav,MAD,training/149
RAW/MAD/training/149/7.wav,MAD,training/149
RAW/MAD/training/149/8.wav,MAD,training/149
RAW/MAD/training/149/9.wav,MAD,training/149
RAW/MAD/training/150/0.wav,MAD,training/150
RAW/MAD/training/150/1.wav,MAD,training/150
RAW/MAD/training/150/10.wav,MAD,training/150
RAW/MAD/training/150/11.wav,MAD,training/150
RAW/MAD/training/150/12.wav,MAD,training/150
RAW/MAD/training/150/13.wav,MAD,training/150
RAW/MAD/training/150/14.wav,MAD,training/150
RAW/MAD/training/150/15.wav,MAD,training/150
RAW/MAD/training/150/16.wav,MAD,training/150
RAW/MAD/training/150/17.wav,MAD,training/150
RAW/MAD/training/150/18.wav,MAD,training/150
RAW/MAD/training/150/19.wav,MAD,training/150
RAW/MAD/training/150/2.wav,MAD,training/150
RAW/MAD/training/150/20.wav,MAD,training/150
RAW/MAD/training/150/21.wav,MAD,training/150
RAW/MAD/training/150/22.wav,MAD,training/150
RAW/MAD/training/150/23.wav,MAD,training/150
RAW/MAD/training/150/24.wav,MAD,training/150
RAW/MAD/training/150/25.wav,MAD,training/150
RAW/MAD/training/150/26.wav,MAD,training/150
RAW/MAD/training/150/27.wav,MAD,training/150
RAW/MAD/training/150/28.wav,MAD,training/150
RAW/MAD/training/150/29.wav,MAD,training/150
RAW/MAD/training/150/3.wav,MAD,training/150
RAW/MAD/training/150/30.wav,MAD,training/150
RAW/MAD/training/150/31.wav,MAD,training/150
RAW/MAD/training/150/32.wav,MAD,training/150
RAW/MAD/training/150/33.wav,MAD,training/150
RAW/MAD/training/150/34.wav,MAD,training/150
RAW/MAD/training/150/35.wav,MAD,training/150
RAW/MAD/training/150/36.wav,MAD,training/150
RAW/MAD/training/150/4.wav,MAD,training/150
RAW/MAD/training/150/5.wav,MAD,training/150
RAW/MAD/training/150/6.wav,MAD,training/150
RAW/MAD/training/150/7.wav,MAD,training/150
RAW/MAD/training/150/8.wav,MAD,training/150
RAW/MAD/training/150/9.wav,MAD,training/150
RAW/MAD/training/153/0.wav,MAD,training/153
RAW/MAD/training/153/1.wav,MAD,training/153
RAW/MAD/training/153/10.wav,MAD,training/153
RAW/MAD/training/153/11.wav,MAD,training/153
RAW/MAD/training/153/12.wav,MAD,training/153
RAW/MAD/training/153/13.wav,MAD,training/153
RAW/MAD/training/153/14.wav,MAD,training/153
RAW/MAD/training/153/15.wav,MAD,training/153
RAW/MAD/training/153/16.wav,MAD,training/153
RAW/MAD/training/153/17.wav,MAD,training/153
RAW/MAD/training/153/18.wav,MAD,training/153
RAW/MAD/training/153/19.wav,MAD,training/153
RAW/MAD/training/153/2.wav,MAD,training/153
RAW/MAD/training/153/20.wav,MAD,training/153
RAW/MAD/training/153/21.wav,MAD,training/153
RAW/MAD/training/153/22.wav,MAD,training/153
RAW/MAD/training/153/23.wav,MAD,training/153
RAW/MAD/training/153/24.wav,MAD,training/153
RAW/MAD/training/153/25.wav,MAD,training/153
RAW/MAD/training/153/26.wav,MAD,training/153
RAW/MAD/training/153/27.wav,MAD,training/153
RAW/MAD/training/153/28.wav,MAD,training/153
RAW/MAD/training/153/29.wav,MAD,training/153
RAW/MAD/training/153/3.wav,MAD,training/153
RAW/MAD/training/153/30.wav,MAD,training/153
RAW/MAD/training/153/31.wav,MAD,training/153
RAW/MAD/training/153/32.wav,MAD,training/153
RAW/MAD/training/153/33.wav,MAD,training/153
RAW/MAD/training/153/34.wav,MAD,training/153
RAW/MAD/training/153/35.wav,MAD,training/153
RAW/MAD/training/153/36.wav,MAD,training/153
RAW/MAD/training/153/37.wav,MAD,training/153
RAW/MAD/training/153/38.wav,MAD,training/153
RAW/MAD/training/153/39.wav,MAD,training/153
RAW/MAD/training/153/4.wav,MAD,training/153
RAW/MAD/training/153/40.wav,MAD,training/153
RAW/MAD/training/153/41.wav,MAD,training/153
RAW/MAD/training/153/42.wav,MAD,training/153
RAW/MAD/training/153/43.wav,MAD,training/153
RAW/MAD/training/153/44.wav,MAD,training/153
RAW/MAD/training/153/45.wav,MAD,training/153
RAW/MAD/training/153/46.wav,MAD,training/153
RAW/MAD/training/153/47.wav,MAD,training/153
RAW/MAD/training/153/48.wav,MAD,training/153
RAW/MAD/training/153/49.wav,MAD,training/153
RAW/MAD/training/153/5.wav,MAD,training/153
RAW/MAD/training/153/50.wav,MAD,training/153
RAW/MAD/training/153/51.wav,MAD,training/153
RAW/MAD/training/153/52.wav,MAD,training/153
RAW/MAD/training/153/53.wav,MAD,training/153
RAW/MAD/training/153/54.wav,MAD,training/153
RAW/MAD/training/153/6.wav,MAD,training/153
RAW/MAD/training/153/7.wav,MAD,training/153
RAW/MAD/training/153/8.wav,MAD,training/153
RAW/MAD/training/153/9.wav,MAD,training/153
RAW/MAD/training/154/0.wav,MAD,training/154
RAW/MAD/training/154/1.wav,MAD,training/154
RAW/MAD/training/154/10.wav,MAD,training/154
RAW/MAD/training/154/11.wav,MAD,training/154
RAW/MAD/training/154/12.wav,MAD,training/154
RAW/MAD/training/154/13.wav,MAD,training/154
RAW/MAD/training/154/14.wav,MAD,training/154
RAW/MAD/training/154/15.wav,MAD,training/154
RAW/MAD/training/154/16.wav,MAD,training/154
RAW/MAD/training/154/17.wav,MAD,training/154
RAW/MAD/training/154/18.wav,MAD,training/154
RAW/MAD/training/154/19.wav,MAD,training/154
RAW/MAD/training/154/2.wav,MAD,training/154
RAW/MAD/training/154/3.wav,MAD,training/154
RAW/MAD/training/154/4.wav,MAD,training/154
RAW/MAD/training/154/5.wav,MAD,training/154
RAW/MAD/training/154/6.wav,MAD,training/154
RAW/MAD/training/154/7.wav,MAD,training/154
RAW/MAD/training/154/8.wav,MAD,training/154
RAW/MAD/training/154/9.wav,MAD,training/154
RAW/MAD/training/155/0.wav,MAD,training/155
RAW/MAD/training/155/1.wav,MAD,training/155
RAW/MAD/training/155/10.wav,MAD,training/155
RAW/MAD/training/155/11.wav,MAD,training/155
RAW/MAD/training/155/12.wav,MAD,training/155
RAW/MAD/training/155/13.wav,MAD,training/155
RAW/MAD/training/155/14.wav,MAD,training/155
RAW/MAD/training/155/15.wav,MAD,training/155
RAW/MAD/training/155/16.wav,MAD,training/155
RAW/MAD/training/155/17.wav,MAD,training/155
RAW/MAD/training/155/18.wav,MAD,training/155
RAW/MAD/training/155/19.wav,MAD,training/155
RAW/MAD/training/155/2.wav,MAD,training/155
RAW/MAD/training/155/20.wav,MAD,training/155
RAW/MAD/training/155/21.wav,MAD,training/155
RAW/MAD/training/155/22.wav,MAD,training/155
RAW/MAD/training/155/23.wav,MAD,training/155
RAW/MAD/training/155/24.wav,MAD,training/155
RAW/MAD/training/155/25.wav,MAD,training/155
RAW/MAD/training/155/26.wav,MAD,training/155
RAW/MAD/training/155/27.wav,MAD,training/155
RAW/MAD/training/155/28.wav,MAD,training/155
RAW/MAD/training/155/29.wav,MAD,training/155
RAW/MAD/training/155/3.wav,MAD,training/155
RAW/MAD/training/155/30.wav,MAD,training/155
RAW/MAD/training/155/31.wav,MAD,training/155
RAW/MAD/training/155/32.wav,MAD,training/155
RAW/MAD/training/155/33.wav,MAD,training/155
RAW/MAD/training/155/34.wav,MAD,training/155
RAW/MAD/training/155/35.wav,MAD,training/155
RAW/MAD/training/155/36.wav,MAD,training/155
RAW/MAD/training/155/37.wav,MAD,training/155
RAW/MAD/training/155/38.wav,MAD,training/155
RAW/MAD/training/155/39.wav,MAD,training/155
RAW/MAD/training/155/4.wav,MAD,training/155
RAW/MAD/training/155/40.wav,MAD,training/155
RAW/MAD/training/155/41.wav,MAD,training/155
RAW/MAD/training/155/42.wav,MAD,training/155
RAW/MAD/training/155/43.wav,MAD,training/155
RAW/MAD/training/155/44.wav,MAD,training/155
RAW/MAD/training/155/45.wav,MAD,training/155
RAW/MAD/training/155/46.wav,MAD,training/155
RAW/MAD/training/155/47.wav,MAD,training/155
RAW/MAD/training/155/48.wav,MAD,training/155
RAW/MAD/training/155/49.wav,MAD,training/155
RAW/MAD/training/155/5.wav,MAD,training/155
RAW/MAD/training/155/50.wav,MAD,training/155
RAW/MAD/training/155/51.wav,MAD,training/155
RAW/MAD/training/155/52.wav,MAD,training/155
RAW/MAD/training/155/53.wav,MAD,training/155
RAW/MAD/training/155/54.wav,MAD,training/155
RAW/MAD/training/155/55.wav,MAD,training/155
RAW/MAD/training/155/56.wav,MAD,training/155
RAW/MAD/training/155/57.wav,MAD,training/155
RAW/MAD/training/155/58.wav,MAD,training/155
RAW/MAD/training/155/59.wav,MAD,training/155
RAW/MAD/training/155/6.wav,MAD,training/155
RAW/MAD/training/155/60.wav,MAD,training/155
RAW/MAD/training/155/7.wav,MAD,training/155
RAW/MAD/training/155/8.wav,MAD,training/155
RAW/MAD/training/155/9.wav,MAD,training/155
RAW/MAD/training/156/0.wav,MAD,training/156
RAW/MAD/training/156/1.wav,MAD,training/156
RAW/MAD/training/156/10.wav,MAD,training/156
RAW/MAD/training/156/11.wav,MAD,training/156
RAW/MAD/training/156/12.wav,MAD,training/156
RAW/MAD/training/156/13.wav,MAD,training/156
RAW/MAD/training/156/14.wav,MAD,training/156
RAW/MAD/training/156/2.wav,MAD,training/156
RAW/MAD/training/156/3.wav,MAD,training/156
RAW/MAD/training/156/4.wav,MAD,training/156
RAW/MAD/training/156/5.wav,MAD,training/156
RAW/MAD/training/156/6.wav,MAD,training/156
RAW/MAD/training/156/7.wav,MAD,training/156
RAW/MAD/training/156/8.wav,MAD,training/156
RAW/MAD/training/156/9.wav,MAD,training/156
RAW/MAD/training/157/0.wav,MAD,training/157
RAW/MAD/training/157/1.wav,MAD,training/157
RAW/MAD/training/157/10.wav,MAD,training/157
RAW/MAD/training/157/11.wav,MAD,training/157
RAW/MAD/training/157/12.wav,MAD,training/157
RAW/MAD/training/157/13.wav,MAD,training/157
RAW/MAD/training/157/14.wav,MAD,training/157
RAW/MAD/training/157/15.wav,MAD,training/157
RAW/MAD/training/157/16.wav,MAD,training/157
RAW/MAD/training/157/17.wav,MAD,training/157
RAW/MAD/training/157/18.wav,MAD,training/157
RAW/MAD/training/157/19.wav,MAD,training/157
RAW/MAD/training/157/2.wav,MAD,training/157
RAW/MAD/training/157/20.wav,MAD,training/157
RAW/MAD/training/157/21.wav,MAD,training/157
RAW/MAD/training/157/22.wav,MAD,training/157
RAW/MAD/training/157/3.wav,MAD,training/157
RAW/MAD/training/157/4.wav,MAD,training/157
RAW/MAD/training/157/5.wav,MAD,training/157
RAW/MAD/training/157/6.wav,MAD,training/157
RAW/MAD/training/157/7.wav,MAD,training/157
RAW/MAD/training/157/8.wav,MAD,training/157
RAW/MAD/training/157/9.wav,MAD,training/157
RAW/MAD/training/158/0.wav,MAD,training/158
RAW/MAD/training/158/1.wav,MAD,training/158
RAW/MAD/training/158/10.wav,MAD,training/158
RAW/MAD/training/158/11.wav,MAD,training/158
RAW/MAD/training/158/12.wav,MAD,training/158
RAW/MAD/training/158/13.wav,MAD,training/158
RAW/MAD/training/158/14.wav,MAD,training/158
RAW/MAD/training/158/15.wav,MAD,training/158
RAW/MAD/training/158/16.wav,MAD,training/158
RAW/MAD/training/158/17.wav,MAD,training/158
RAW/MAD/training/158/18.wav,MAD,training/158
RAW/MAD/training/158/2.wav,MAD,training/158
RAW/MAD/training/158/3.wav,MAD,training/158
RAW/MAD/training/158/4.wav,MAD,training/158
RAW/MAD/training/158/5.wav,MAD,training/158
RAW/MAD/training/158/6.wav,MAD,training/158
RAW/MAD/training/158/7.wav,MAD,training/158
RAW/MAD/training/158/8.wav,MAD,training/158
RAW/MAD/training/158/9.wav,MAD,training/158
RAW/MAD/training/159/0.wav,MAD,training/159
RAW/MAD/training/159/1.wav,MAD,training/159
RAW/MAD/training/159/10.wav,MAD,training/159
RAW/MAD/training/159/11.wav,MAD,training/159
RAW/MAD/training/159/12.wav,MAD,training/159
RAW/MAD/training/159/13.wav,MAD,training/159
RAW/MAD/training/159/14.wav,MAD,training/159
RAW/MAD/training/159/15.wav,MAD,training/159
RAW/MAD/training/159/16.wav,MAD,training/159
RAW/MAD/training/159/17.wav,MAD,training/159
RAW/MAD/training/159/18.wav,MAD,training/159
RAW/MAD/training/159/19.wav,MAD,training/159
RAW/MAD/training/159/2.wav,MAD,training/159
RAW/MAD/training/159/20.wav,MAD,training/159
RAW/MAD/training/159/21.wav,MAD,training/159
RAW/MAD/training/159/22.wav,MAD,training/159
RAW/MAD/training/159/23.wav,MAD,training/159
RAW/MAD/training/159/3.wav,MAD,training/159
RAW/MAD/training/159/4.wav,MAD,training/159
RAW/MAD/training/159/5.wav,MAD,training/159
RAW/MAD/training/159/6.wav,MAD,training/159
RAW/MAD/training/159/7.wav,MAD,training/159
RAW/MAD/training/159/8.wav,MAD,training/159
RAW/MAD/training/159/9.wav,MAD,training/159
RAW/MAD/training/160/0.wav,MAD,training/160
RAW/MAD/training/160/1.wav,MAD,training/160
RAW/MAD/training/160/10.wav,MAD,training/160
RAW/MAD/training/160/11.wav,MAD,training/160
RAW/MAD/training/160/12.wav,MAD,training/160
RAW/MAD/training/160/13.wav,MAD,training/160
RAW/MAD/training/160/14.wav,MAD,training/160
RAW/MAD/training/160/15.wav,MAD,training/160
RAW/MAD/training/160/16.wav,MAD,training/160
RAW/MAD/training/160/17.wav,MAD,training/160
RAW/MAD/training/160/18.wav,MAD,training/160
RAW/MAD/training/160/19.wav,MAD,training/160
RAW/MAD/training/160/2.wav,MAD,training/160
RAW/MAD/training/160/3.wav,MAD,training/160
RAW/MAD/training/160/4.wav,MAD,training/160
RAW/MAD/training/160/5.wav,MAD,training/160
RAW/MAD/training/160/6.wav,MAD,training/160
RAW/MAD/training/160/7.wav,MAD,training/160
RAW/MAD/training/160/8.wav,MAD,training/160
RAW/MAD/training/160/9.wav,MAD,training/160
RAW/MAD/training/164/0.wav,MAD,training/164
RAW/MAD/training/164/1.wav,MAD,training/164
RAW/MAD/training/164/10.wav,MAD,training/164
RAW/MAD/training/164/11.wav,MAD,training/164
RAW/MAD/training/164/12.wav,MAD,training/164
RAW/MAD/training/164/13.wav,MAD,training/164
RAW/MAD/training/164/14.wav,MAD,training/164
RAW/MAD/training/164/15.wav,MAD,training/164
RAW/MAD/training/164/16.wav,MAD,training/164
RAW/MAD/training/164/17.wav,MAD,training/164
RAW/MAD/training/164/18.wav,MAD,training/164
RAW/MAD/training/164/19.wav,MAD,training/164
RAW/MAD/training/164/2.wav,MAD,training/164
RAW/MAD/training/164/20.wav,MAD,training/164
RAW/MAD/training/164/21.wav,MAD,training/164
RAW/MAD/training/164/22.wav,MAD,training/164
RAW/MAD/training/164/23.wav,MAD,training/164
RAW/MAD/training/164/24.wav,MAD,training/164
RAW/MAD/training/164/25.wav,MAD,training/164
RAW/MAD/training/164/26.wav,MAD,training/164
RAW/MAD/training/164/27.wav,MAD,training/164
RAW/MAD/training/164/28.wav,MAD,training/164
RAW/MAD/training/164/29.wav,MAD,training/164
RAW/MAD/training/164/3.wav,MAD,training/164
RAW/MAD/training/164/30.wav,MAD,training/164
RAW/MAD/training/164/31.wav,MAD,training/164
RAW/MAD/training/164/32.wav,MAD,training/164
RAW/MAD/training/164/33.wav,MAD,training/164
RAW/MAD/training/164/34.wav,MAD,training/164
RAW/MAD/training/164/35.wav,MAD,training/164
RAW/MAD/training/164/36.wav,MAD,training/164
RAW/MAD/training/164/4.wav,MAD,training/164
RAW/MAD/training/164/5.wav,MAD,training/164
RAW/MAD/training/164/6.wav,MAD,training/164
RAW/MAD/training/164/7.wav,MAD,training/164
RAW/MAD/training/164/8.wav,MAD,training/164
RAW/MAD/training/164/9.wav,MAD,training/164
RAW/MAD/training/165/0.wav,MAD,training/165
RAW/MAD/training/165/1.wav,MAD,training/165
RAW/MAD/training/165/10.wav,MAD,training/165
RAW/MAD/training/165/11.wav,MAD,training/165
RAW/MAD/training/165/12.wav,MAD,training/165
RAW/MAD/training/165/13.wav,MAD,training/165
RAW/MAD/training/165/14.wav,MAD,training/165
RAW/MAD/training/165/15.wav,MAD,training/165
RAW/MAD/training/165/16.wav,MAD,training/165
RAW/MAD/training/165/17.wav,MAD,training/165
RAW/MAD/training/165/18.wav,MAD,training/165
RAW/MAD/training/165/19.wav,MAD,training/165
RAW/MAD/training/165/2.wav,MAD,training/165
RAW/MAD/training/165/20.wav,MAD,training/165
RAW/MAD/training/165/21.wav,MAD,training/165
RAW/MAD/training/165/22.wav,MAD,training/165
RAW/MAD/training/165/23.wav,MAD,training/165
RAW/MAD/training/165/24.wav,MAD,training/165
RAW/MAD/training/165/3.wav,MAD,training/165
RAW/MAD/training/165/4.wav,MAD,training/165
RAW/MAD/training/165/5.wav,MAD,training/165
RAW/MAD/training/165/6.wav,MAD,training/165
RAW/MAD/training/165/7.wav,MAD,training/165
RAW/MAD/training/165/8.wav,MAD,training/165
RAW/MAD/training/165/9.wav,MAD,training/165
RAW/MAD/training/166/0.wav,MAD,training/166
RAW/MAD/training/166/1.wav,MAD,training/166
RAW/MAD/training/166/2.wav,MAD,training/166
RAW/MAD/training/166/3.wav,MAD,training/166
RAW/MAD/training/166/4.wav,MAD,training/166
RAW/MAD/training/166/5.wav,MAD,training/166
RAW/MAD/training/166/6.wav,MAD,training/166
RAW/MAD/training/167/0.wav,MAD,training/167
RAW/MAD/training/167/1.wav,MAD,training/167
RAW/MAD/training/167/10.wav,MAD,training/167
RAW/MAD/training/167/11.wav,MAD,training/167
RAW/MAD/training/167/12.wav,MAD,training/167
RAW/MAD/training/167/13.wav,MAD,training/167
RAW/MAD/training/167/14.wav,MAD,training/167
RAW/MAD/training/167/15.wav,MAD,training/167
RAW/MAD/training/167/16.wav,MAD,training/167
RAW/MAD/training/167/17.wav,MAD,training/167
RAW/MAD/training/167/18.wav,MAD,training/167
RAW/MAD/training/167/19.wav,MAD,training/167
RAW/MAD/training/167/2.wav,MAD,training/167
RAW/MAD/training/167/3.wav,MAD,training/167
RAW/MAD/training/167/4.wav,MAD,training/167
RAW/MAD/training/167/5.wav,MAD,training/167
RAW/MAD/training/167/6.wav,MAD,training/167
RAW/MAD/training/167/7.wav,MAD,training/167
RAW/MAD/training/167/8.wav,MAD,training/167
RAW/MAD/training/167/9.wav,MAD,training/167
RAW/MAD/training/168/0.wav,MAD,training/168
RAW/MAD/training/168/1.wav,MAD,training/168
RAW/MAD/training/168/10.wav,MAD,training/168
RAW/MAD/training/168/11.wav,MAD,training/168
RAW/MAD/training/168/12.wav,MAD,training/168
RAW/MAD/training/168/13.wav,MAD,training/168
RAW/MAD/training/168/14.wav,MAD,training/168
RAW/MAD/training/168/15.wav,MAD,training/168
RAW/MAD/training/168/16.wav,MAD,training/168
RAW/MAD/training/168/17.wav,MAD,training/168
RAW/MAD/training/168/18.wav,MAD,training/168
RAW/MAD/training/168/19.wav,MAD,training/168
RAW/MAD/training/168/2.wav,MAD,training/168
RAW/MAD/training/168/20.wav,MAD,training/168
RAW/MAD/training/168/21.wav,MAD,training/168
RAW/MAD/training/168/22.wav,MAD,training/168
RAW/MAD/training/168/23.wav,MAD,training/168
RAW/MAD/training/168/24.wav,MAD,training/168
RAW/MAD/training/168/25.wav,MAD,training/168
RAW/MAD/training/168/26.wav,MAD,training/168
RAW/MAD/training/168/27.wav,MAD,training/168
RAW/MAD/training/168/28.wav,MAD,training/168
RAW/MAD/training/168/29.wav,MAD,training/168
RAW/MAD/training/168/3.wav,MAD,training/168
RAW/MAD/training/168/30.wav,MAD,training/168
RAW/MAD/training/168/31.wav,MAD,training/168
RAW/MAD/training/168/32.wav,MAD,training/168
RAW/MAD/training/168/33.wav,MAD,training/168
RAW/MAD/training/168/34.wav,MAD,training/168
RAW/MAD/training/168/35.wav,MAD,training/168
RAW/MAD/training/168/36.wav,MAD,training/168
RAW/MAD/training/168/37.wav,MAD,training/168
RAW/MAD/training/168/38.wav,MAD,training/168
RAW/MAD/training/168/39.wav,MAD,training/168
RAW/MAD/training/168/4.wav,MAD,training/168
RAW/MAD/training/168/40.wav,MAD,training/168
RAW/MAD/training/168/41.wav,MAD,training/168
RAW/MAD/training/168/42.wav,MAD,training/168
RAW/MAD/training/168/43.wav,MAD,training/168
RAW/MAD/training/168/44.wav,MAD,training/168
RAW/MAD/training/168/45.wav,MAD,training/168
RAW/MAD/training/168/46.wav,MAD,training/168
RAW/MAD/training/168/47.wav,MAD,training/168
RAW/MAD/training/168/48.wav,MAD,training/168
RAW/MAD/training/168/49.wav,MAD,training/168
RAW/MAD/training/168/5.wav,MAD,training/168
RAW/MAD/training/168/50.wav,MAD,training/168
RAW/MAD/training/168/51.wav,MAD,training/168
RAW/MAD/training/168/52.wav,MAD,training/168
RAW/MAD/training/168/53.wav,MAD,training/168
RAW/MAD/training/168/54.wav,MAD,training/168
RAW/MAD/training/168/55.wav,MAD,training/168
RAW/MAD/training/168/56.wav,MAD,training/168
RAW/MAD/training/168/57.wav,MAD,training/168
RAW/MAD/training/168/58.wav,MAD,training/168
RAW/MAD/training/168/59.wav,MAD,training/168
RAW/MAD/training/168/6.wav,MAD,training/168
RAW/MAD/training/168/60.wav,MAD,training/168
RAW/MAD/training/168/61.wav,MAD,training/168
RAW/MAD/training/168/62.wav,MAD,training/168
RAW/MAD/training/168/7.wav,MAD,training/168
RAW/MAD/training/168/8.wav,MAD,training/168
RAW/MAD/training/168/9.wav,MAD,training/168
RAW/MAD/training/169/0.wav,MAD,training/169
RAW/MAD/training/169/1.wav,MAD,training/169
RAW/MAD/training/169/10.wav,MAD,training/169
RAW/MAD/training/169/11.wav,MAD,training/169
RAW/MAD/training/169/12.wav,MAD,training/169
RAW/MAD/training/169/13.wav,MAD,training/169
RAW/MAD/training/169/14.wav,MAD,training/169
RAW/MAD/training/169/15.wav,MAD,training/169
RAW/MAD/training/169/16.wav,MAD,training/169
RAW/MAD/training/169/17.wav,MAD,training/169
RAW/MAD/training/169/18.wav,MAD,training/169
RAW/MAD/training/169/19.wav,MAD,training/169
RAW/MAD/training/169/2.wav,MAD,training/169
RAW/MAD/training/169/20.wav,MAD,training/169
RAW/MAD/training/169/21.wav,MAD,training/169
RAW/MAD/training/169/22.wav,MAD,training/169
RAW/MAD/training/169/23.wav,MAD,training/169
RAW/MAD/training/169/24.wav,MAD,training/169
RAW/MAD/training/169/25.wav,MAD,training/169
RAW/MAD/training/169/26.wav,MAD,training/169
RAW/MAD/training/169/27.wav,MAD,training/169
RAW/MAD/training/169/28.wav,MAD,training/169
RAW/MAD/training/169/29.wav,MAD,training/169
RAW/MAD/training/169/3.wav,MAD,training/169
RAW/MAD/training/169/30.wav,MAD,training/169
RAW/MAD/training/169/31.wav,MAD,training/169
RAW/MAD/training/169/32.wav,MAD,training/169
RAW/MAD/training/169/33.wav,MAD,training/169
RAW/MAD/training/169/34.wav,MAD,training/169
RAW/MAD/training/169/35.wav,MAD,training/169
RAW/MAD/training/169/36.wav,MAD,training/169
RAW/MAD/training/169/37.wav,MAD,training/169
RAW/MAD/training/169/38.wav,MAD,training/169
RAW/MAD/training/169/39.wav,MAD,training/169
RAW/MAD/training/169/4.wav,MAD,training/169
RAW/MAD/training/169/40.wav,MAD,training/169
RAW/MAD/training/169/41.wav,MAD,training/169
RAW/MAD/training/169/42.wav,MAD,training/169
RAW/MAD/training/169/43.wav,MAD,training/169
RAW/MAD/training/169/44.wav,MAD,training/169
RAW/MAD/training/169/45.wav,MAD,training/169
RAW/MAD/training/169/46.wav,MAD,training/169
RAW/MAD/training/169/47.wav,MAD,training/169
RAW/MAD/training/169/48.wav,MAD,training/169
RAW/MAD/training/169/49.wav,MAD,training/169
RAW/MAD/training/169/5.wav,MAD,training/169
RAW/MAD/training/169/50.wav,MAD,training/169
RAW/MAD/training/169/51.wav,MAD,training/169
RAW/MAD/training/169/52.wav,MAD,training/169
RAW/MAD/training/169/53.wav,MAD,training/169
RAW/MAD/training/169/54.wav,MAD,training/169
RAW/MAD/training/169/55.wav,MAD,training/169
RAW/MAD/training/169/56.wav,MAD,training/169
RAW/MAD/training/169/57.wav,MAD,training/169
RAW/MAD/training/169/6.wav,MAD,training/169
RAW/MAD/training/169/7.wav,MAD,training/169
RAW/MAD/training/169/8.wav,MAD,training/169
RAW/MAD/training/169/9.wav,MAD,training/169
RAW/MAD/training/170/0.wav,MAD,training/170
RAW/MAD/training/170/1.wav,MAD,training/170
RAW/MAD/training/170/10.wav,MAD,training/170
RAW/MAD/training/170/11.wav,MAD,training/170
RAW/MAD/training/170/12.wav,MAD,training/170
RAW/MAD/training/170/13.wav,MAD,training/170
RAW/MAD/training/170/14.wav,MAD,training/170
RAW/MAD/training/170/15.wav,MAD,training/170
RAW/MAD/training/170/16.wav,MAD,training/170
RAW/MAD/training/170/17.wav,MAD,training/170
RAW/MAD/training/170/18.wav,MAD,training/170
RAW/MAD/training/170/19.wav,MAD,training/170
RAW/MAD/training/170/2.wav,MAD,training/170
RAW/MAD/training/170/20.wav,MAD,training/170
RAW/MAD/training/170/3.wav,MAD,training/170
RAW/MAD/training/170/4.wav,MAD,training/170
RAW/MAD/training/170/5.wav,MAD,training/170
RAW/MAD/training/170/6.wav,MAD,training/170
RAW/MAD/training/170/7.wav,MAD,training/170
RAW/MAD/training/170/8.wav,MAD,training/170
RAW/MAD/training/170/9.wav,MAD,training/170
RAW/MAD/training/171/0.wav,MAD,training/171
RAW/MAD/training/171/1.wav,MAD,training/171
RAW/MAD/training/171/2.wav,MAD,training/171
RAW/MAD/training/171/3.wav,MAD,training/171
RAW/MAD/training/171/4.wav,MAD,training/171
RAW/MAD/training/171/5.wav,MAD,training/171
RAW/MAD/training/171/6.wav,MAD,training/171
RAW/MAD/training/172/0.wav,MAD,training/172
RAW/MAD/training/172/1.wav,MAD,training/172
RAW/MAD/training/172/10.wav,MAD,training/172
RAW/MAD/training/172/11.wav,MAD,training/172
RAW/MAD/training/172/2.wav,MAD,training/172
RAW/MAD/training/172/3.wav,MAD,training/172
RAW/MAD/training/172/4.wav,MAD,training/172
RAW/MAD/training/172/5.wav,MAD,training/172
RAW/MAD/training/172/6.wav,MAD,training/172
RAW/MAD/training/172/7.wav,MAD,training/172
RAW/MAD/training/172/8.wav,MAD,training/172
RAW/MAD/training/172/9.wav,MAD,training/172
RAW/MAD/training/177/0.wav,MAD,training/177
RAW/MAD/training/177/1.wav,MAD,training/177
RAW/MAD/training/177/10.wav,MAD,training/177
RAW/MAD/training/177/11.wav,MAD,training/177
RAW/MAD/training/177/12.wav,MAD,training/177
RAW/MAD/training/177/13.wav,MAD,training/177
RAW/MAD/training/177/14.wav,MAD,training/177
RAW/MAD/training/177/15.wav,MAD,training/177
RAW/MAD/training/177/16.wav,MAD,training/177
RAW/MAD/training/177/17.wav,MAD,training/177
RAW/MAD/training/177/18.wav,MAD,training/177
RAW/MAD/training/177/2.wav,MAD,training/177
RAW/MAD/training/177/3.wav,MAD,training/177
RAW/MAD/training/177/4.wav,MAD,training/177
RAW/MAD/training/177/5.wav,MAD,training/177
RAW/MAD/training/177/6.wav,MAD,training/177
RAW/MAD/training/177/7.wav,MAD,training/177
RAW/MAD/training/177/8.wav,MAD,training/177
RAW/MAD/training/177/9.wav,MAD,training/177
RAW/MAD/training/178/0.wav,MAD,training/178
RAW/MAD/training/178/1.wav,MAD,training/178
RAW/MAD/training/178/10.wav,MAD,training/178
RAW/MAD/training/178/11.wav,MAD,training/178
RAW/MAD/training/178/12.wav,MAD,training/178
RAW/MAD/training/178/13.wav,MAD,training/178
RAW/MAD/training/178/14.wav,MAD,training/178
RAW/MAD/training/178/15.wav,MAD,training/178
RAW/MAD/training/178/16.wav,MAD,training/178
RAW/MAD/training/178/17.wav,MAD,training/178
RAW/MAD/training/178/18.wav,MAD,training/178
RAW/MAD/training/178/19.wav,MAD,training/178
RAW/MAD/training/178/2.wav,MAD,training/178
RAW/MAD/training/178/20.wav,MAD,training/178
RAW/MAD/training/178/21.wav,MAD,training/178
RAW/MAD/training/178/22.wav,MAD,training/178
RAW/MAD/training/178/23.wav,MAD,training/178
RAW/MAD/training/178/24.wav,MAD,training/178
RAW/MAD/training/178/25.wav,MAD,training/178
RAW/MAD/training/178/26.wav,MAD,training/178
RAW/MAD/training/178/27.wav,MAD,training/178
RAW/MAD/training/178/28.wav,MAD,training/178
RAW/MAD/training/178/29.wav,MAD,training/178
RAW/MAD/training/178/3.wav,MAD,training/178
RAW/MAD/training/178/30.wav,MAD,training/178
RAW/MAD/training/178/31.wav,MAD,training/178
RAW/MAD/training/178/4.wav,MAD,training/178
RAW/MAD/training/178/5.wav,MAD,training/178
RAW/MAD/training/178/6.wav,MAD,training/178
RAW/MAD/training/178/7.wav,MAD,training/178
RAW/MAD/training/178/8.wav,MAD,training/178
RAW/MAD/training/178/9.wav,MAD,training/178
RAW/MAD/training/180/0.wav,MAD,training/180
RAW/MAD/training/180/1.wav,MAD,training/180
RAW/MAD/training/180/10.wav,MAD,training/180
RAW/MAD/training/180/2.wav,MAD,training/180
RAW/MAD/training/180/3.wav,MAD,training/180
RAW/MAD/training/180/4.wav,MAD,training/180
RAW/MAD/training/180/5.wav,MAD,training/180
RAW/MAD/training/180/6.wav,MAD,training/180
RAW/MAD/training/180/7.wav,MAD,training/180
RAW/MAD/training/180/8.wav,MAD,training/180
RAW/MAD/training/180/9.wav,MAD,training/180
RAW/MAD/training/182/0.wav,MAD,training/182
RAW/MAD/training/182/1.wav,MAD,training/182
RAW/MAD/training/182/10.wav,MAD,training/182
RAW/MAD/training/182/11.wav,MAD,training/182
RAW/MAD/training/182/12.wav,MAD,training/182
RAW/MAD/training/182/13.wav,MAD,training/182
RAW/MAD/training/182/14.wav,MAD,training/182
RAW/MAD/training/182/15.wav,MAD,training/182
RAW/MAD/training/182/16.wav,MAD,training/182
RAW/MAD/training/182/17.wav,MAD,training/182
RAW/MAD/training/182/18.wav,MAD,training/182
RAW/MAD/training/182/19.wav,MAD,training/182
RAW/MAD/training/182/2.wav,MAD,training/182
RAW/MAD/training/182/20.wav,MAD,training/182
RAW/MAD/training/182/21.wav,MAD,training/182
RAW/MAD/training/182/22.wav,MAD,training/182
RAW/MAD/training/182/23.wav,MAD,training/182
RAW/MAD/training/182/3.wav,MAD,training/182
RAW/MAD/training/182/4.wav,MAD,training/182
RAW/MAD/training/182/5.wav,MAD,training/182
RAW/MAD/training/182/6.wav,MAD,training/182
RAW/MAD/training/182/7.wav,MAD,training/182
RAW/MAD/training/182/8.wav,MAD,training/182
RAW/MAD/training/182/9.wav,MAD,training/182
RAW/MAD/training/183/0.wav,MAD,training/183
RAW/MAD/training/183/1.wav,MAD,training/183
RAW/MAD/training/183/10.wav,MAD,training/183
RAW/MAD/training/183/11.wav,MAD,training/183
RAW/MAD/training/183/12.wav,MAD,training/183
RAW/MAD/training/183/13.wav,MAD,training/183
RAW/MAD/training/183/14.wav,MAD,training/183
RAW/MAD/training/183/15.wav,MAD,training/183
RAW/MAD/training/183/16.wav,MAD,training/183
RAW/MAD/training/183/17.wav,MAD,training/183
RAW/MAD/training/183/18.wav,MAD,training/183
RAW/MAD/training/183/19.wav,MAD,training/183
RAW/MAD/training/183/2.wav,MAD,training/183
RAW/MAD/training/183/20.wav,MAD,training/183
RAW/MAD/training/183/21.wav,MAD,training/183
RAW/MAD/training/183/22.wav,MAD,training/183
RAW/MAD/training/183/23.wav,MAD,training/183
RAW/MAD/training/183/24.wav,MAD,training/183
RAW/MAD/training/183/25.wav,MAD,training/183
RAW/MAD/training/183/26.wav,MAD,training/183
RAW/MAD/training/183/27.wav,MAD,training/183
RAW/MAD/training/183/28.wav,MAD,training/183
RAW/MAD/training/183/29.wav,MAD,training/183
RAW/MAD/training/183/3.wav,MAD,training/183
RAW/MAD/training/183/30.wav,MAD,training/183
RAW/MAD/training/183/31.wav,MAD,training/183
RAW/MAD/training/183/32.wav,MAD,training/183
RAW/MAD/training/183/33.wav,MAD,training/183
RAW/MAD/training/183/34.wav,MAD,training/183
RAW/MAD/training/183/35.wav,MAD,training/183
RAW/MAD/training/183/36.wav,MAD,training/183
RAW/MAD/training/183/37.wav,MAD,training/183
RAW/MAD/training/183/38.wav,MAD,training/183
RAW/MAD/training/183/39.wav,MAD,training/183
RAW/MAD/training/183/4.wav,MAD,training/183
RAW/MAD/training/183/40.wav,MAD,training/183
RAW/MAD/training/183/41.wav,MAD,training/183
RAW/MAD/training/183/42.wav,MAD,training/183
RAW/MAD/training/183/5.wav,MAD,training/183
RAW/MAD/training/183/6.wav,MAD,training/183
RAW/MAD/training/183/7.wav,MAD,training/183
RAW/MAD/training/183/8.wav,MAD,training/183
RAW/MAD/training/183/9.wav,MAD,training/183
RAW/MAD/training/186/0.wav,MAD,training/186
RAW/MAD/training/186/1.wav,MAD,training/186
RAW/MAD/training/186/10.wav,MAD,training/186
RAW/MAD/training/186/11.wav,MAD,training/186
RAW/MAD/training/186/12.wav,MAD,training/186
RAW/MAD/training/186/2.wav,MAD,training/186
RAW/MAD/training/186/3.wav,MAD,training/186
RAW/MAD/training/186/4.wav,MAD,training/186
RAW/MAD/training/186/5.wav,MAD,training/186
RAW/MAD/training/186/6.wav,MAD,training/186
RAW/MAD/training/186/7.wav,MAD,training/186
RAW/MAD/training/186/8.wav,MAD,training/186
RAW/MAD/training/186/9.wav,MAD,training/186
RAW/MAD/training/187/0.wav,MAD,training/187
RAW/MAD/training/187/1.wav,MAD,training/187
RAW/MAD/training/187/10.wav,MAD,training/187
RAW/MAD/training/187/11.wav,MAD,training/187
RAW/MAD/training/187/12.wav,MAD,training/187
RAW/MAD/training/187/13.wav,MAD,training/187
RAW/MAD/training/187/14.wav,MAD,training/187
RAW/MAD/training/187/15.wav,MAD,training/187
RAW/MAD/training/187/16.wav,MAD,training/187
RAW/MAD/training/187/17.wav,MAD,training/187
RAW/MAD/training/187/18.wav,MAD,training/187
RAW/MAD/training/187/19.wav,MAD,training/187
RAW/MAD/training/187/2.wav,MAD,training/187
RAW/MAD/training/187/20.wav,MAD,training/187
RAW/MAD/training/187/3.wav,MAD,training/187
RAW/MAD/training/187/4.wav,MAD,training/187
RAW/MAD/training/187/5.wav,MAD,training/187
RAW/MAD/training/187/6.wav,MAD,training/187
RAW/MAD/training/187/7.wav,MAD,training/187
RAW/MAD/training/187/8.wav,MAD,training/187
RAW/MAD/training/187/9.wav,MAD,training/187
RAW/MAD/training/188/0.wav,MAD,training/188
RAW/MAD/training/188/1.wav,MAD,training/188
RAW/MAD/training/188/10.wav,MAD,training/188
RAW/MAD/training/188/11.wav,MAD,training/188
RAW/MAD/training/188/12.wav,MAD,training/188
RAW/MAD/training/188/13.wav,MAD,training/188
RAW/MAD/training/188/14.wav,MAD,training/188
RAW/MAD/training/188/15.wav,MAD,training/188
RAW/MAD/training/188/16.wav,MAD,training/188
RAW/MAD/training/188/17.wav,MAD,training/188
RAW/MAD/training/188/18.wav,MAD,training/188
RAW/MAD/training/188/19.wav,MAD,training/188
RAW/MAD/training/188/2.wav,MAD,training/188
RAW/MAD/training/188/20.wav,MAD,training/188
RAW/MAD/training/188/21.wav,MAD,training/188
RAW/MAD/training/188/22.wav,MAD,training/188
RAW/MAD/training/188/23.wav,MAD,training/188
RAW/MAD/training/188/24.wav,MAD,training/188
RAW/MAD/training/188/25.wav,MAD,training/188
RAW/MAD/training/188/26.wav,MAD,training/188
RAW/MAD/training/188/27.wav,MAD,training/188
RAW/MAD/training/188/28.wav,MAD,training/188
RAW/MAD/training/188/29.wav,MAD,training/188
RAW/MAD/training/188/3.wav,MAD,training/188
RAW/MAD/training/188/30.wav,MAD,training/188
RAW/MAD/training/188/31.wav,MAD,training/188
RAW/MAD/training/188/32.wav,MAD,training/188
RAW/MAD/training/188/33.wav,MAD,training/188
RAW/MAD/training/188/34.wav,MAD,training/188
RAW/MAD/training/188/35.wav,MAD,training/188
RAW/MAD/training/188/36.wav,MAD,training/188
RAW/MAD/training/188/37.wav,MAD,training/188
RAW/MAD/training/188/38.wav,MAD,training/188
RAW/MAD/training/188/39.wav,MAD,training/188
RAW/MAD/training/188/4.wav,MAD,training/188
RAW/MAD/training/188/40.wav,MAD,training/188
RAW/MAD/training/188/41.wav,MAD,training/188
RAW/MAD/training/188/42.wav,MAD,training/188
RAW/MAD/training/188/43.wav,MAD,training/188
RAW/MAD/training/188/44.wav,MAD,training/188
RAW/MAD/training/188/45.wav,MAD,training/188
RAW/MAD/training/188/46.wav,MAD,training/188
RAW/MAD/training/188/47.wav,MAD,training/188
RAW/MAD/training/188/48.wav,MAD,training/188
RAW/MAD/training/188/49.wav,MAD,training/188
RAW/MAD/training/188/5.wav,MAD,training/188
RAW/MAD/training/188/50.wav,MAD,training/188
RAW/MAD/training/188/51.wav,MAD,training/188
RAW/MAD/training/188/6.wav,MAD,training/188
RAW/MAD/training/188/7.wav,MAD,training/188
RAW/MAD/training/188/8.wav,MAD,training/188
RAW/MAD/training/188/9.wav,MAD,training/188
RAW/MAD/training/189/0.wav,MAD,training/189
RAW/MAD/training/189/1.wav,MAD,training/189
RAW/MAD/training/189/10.wav,MAD,training/189
RAW/MAD/training/189/2.wav,MAD,training/189
RAW/MAD/training/189/3.wav,MAD,training/189
RAW/MAD/training/189/4.wav,MAD,training/189
RAW/MAD/training/189/5.wav,MAD,training/189
RAW/MAD/training/189/6.wav,MAD,training/189
RAW/MAD/training/189/7.wav,MAD,training/189
RAW/MAD/training/189/8.wav,MAD,training/189
RAW/MAD/training/189/9.wav,MAD,training/189
RAW/MAD/training/193/0.wav,MAD,training/193
RAW/MAD/training/193/1.wav,MAD,training/193
RAW/MAD/training/193/10.wav,MAD,training/193
RAW/MAD/training/193/11.wav,MAD,training/193
RAW/MAD/training/193/12.wav,MAD,training/193
RAW/MAD/training/193/13.wav,MAD,training/193
RAW/MAD/training/193/14.wav,MAD,training/193
RAW/MAD/training/193/15.wav,MAD,training/193
RAW/MAD/training/193/16.wav,MAD,training/193
RAW/MAD/training/193/17.wav,MAD,training/193
RAW/MAD/training/193/18.wav,MAD,training/193
RAW/MAD/training/193/19.wav,MAD,training/193
RAW/MAD/training/193/2.wav,MAD,training/193
RAW/MAD/training/193/3.wav,MAD,training/193
RAW/MAD/training/193/4.wav,MAD,training/193
RAW/MAD/training/193/5.wav,MAD,training/193
RAW/MAD/training/193/6.wav,MAD,training/193
RAW/MAD/training/193/7.wav,MAD,training/193
RAW/MAD/training/193/8.wav,MAD,training/193
RAW/MAD/training/193/9.wav,MAD,training/193
RAW/MAD/training/194/0.wav,MAD,training/194
RAW/MAD/training/194/1.wav,MAD,training/194
RAW/MAD/training/194/10.wav,MAD,training/194
RAW/MAD/training/194/11.wav,MAD,training/194
RAW/MAD/training/194/12.wav,MAD,training/194
RAW/MAD/training/194/13.wav,MAD,training/194
RAW/MAD/training/194/14.wav,MAD,training/194
RAW/MAD/training/194/15.wav,MAD,training/194
RAW/MAD/training/194/16.wav,MAD,training/194
RAW/MAD/training/194/17.wav,MAD,training/194
RAW/MAD/training/194/18.wav,MAD,training/194
RAW/MAD/training/194/19.wav,MAD,training/194
RAW/MAD/training/194/2.wav,MAD,training/194
RAW/MAD/training/194/20.wav,MAD,training/194
RAW/MAD/training/194/21.wav,MAD,training/194
RAW/MAD/training/194/22.wav,MAD,training/194
RAW/MAD/training/194/23.wav,MAD,training/194
RAW/MAD/training/194/24.wav,MAD,training/194
RAW/MAD/training/194/25.wav,MAD,training/194
RAW/MAD/training/194/26.wav,MAD,training/194
RAW/MAD/training/194/27.wav,MAD,training/194
RAW/MAD/training/194/3.wav,MAD,training/194
RAW/MAD/training/194/4.wav,MAD,training/194
RAW/MAD/training/194/5.wav,MAD,training/194
RAW/MAD/training/194/6.wav,MAD,training/194
RAW/MAD/training/194/7.wav,MAD,training/194
RAW/MAD/training/194/8.wav,MAD,training/194
RAW/MAD/training/194/9.wav,MAD,training/194
RAW/MAD/training/196/0.wav,MAD,training/196
RAW/MAD/training/196/1.wav,MAD,training/196
RAW/MAD/training/197/0.wav,MAD,training/197
RAW/MAD/training/197/1.wav,MAD,training/197
RAW/MAD/training/197/2.wav,MAD,training/197
RAW/MAD/training/198/0.wav,MAD,training/198
RAW/MAD/training/198/1.wav,MAD,training/198
RAW/MAD/training/199/0.wav,MAD,training/199
RAW/MAD/training/199/1.wav,MAD,training/199
RAW/MAD/training/200/0.wav,MAD,training/200
RAW/MAD/training/200/1.wav,MAD,training/200
RAW/MAD/training/200/2.wav,MAD,training/200
RAW/MAD/training/201/0.wav,MAD,training/201
RAW/MAD/training/201/1.wav,MAD,training/201
RAW/MAD/training/201/2.wav,MAD,training/201
RAW/MAD/training/201/3.wav,MAD,training/201
RAW/MAD/training/201/4.wav,MAD,training/201
RAW/MAD/training/205/0.wav,MAD,training/205
RAW/MAD/training/205/1.wav,MAD,training/205
RAW/MAD/training/206/0.wav,MAD,training/206
RAW/MAD/training/206/1.wav,MAD,training/206
RAW/MAD/training/207/0.wav,MAD,training/207
RAW/MAD/training/207/1.wav,MAD,training/207
RAW/MAD/training/210/0.wav,MAD,training/210
RAW/MAD/training/210/1.wav,MAD,training/210
RAW/MAD/training/210/2.wav,MAD,training/210
RAW/MAD/training/210/3.wav,MAD,training/210
RAW/MAD/training/210/4.wav,MAD,training/210
RAW/MAD/training/211/0.wav,MAD,training/211
RAW/MAD/training/211/1.wav,MAD,training/211
RAW/MAD/training/211/2.wav,MAD,training/211
RAW/MAD/training/211/3.wav,MAD,training/211
RAW/MAD/training/211/4.wav,MAD,training/211
RAW/MAD/training/211/5.wav,MAD,training/211
RAW/MAD/training/212/0.wav,MAD,training/212
RAW/MAD/training/212/1.wav,MAD,training/212
RAW/MAD/training/212/2.wav,MAD,training/212
RAW/MAD/training/212/3.wav,MAD,training/212
RAW/MAD/training/212/4.wav,MAD,training/212
RAW/MAD/training/213/0.wav,MAD,training/213
RAW/MAD/training/213/1.wav,MAD,training/213
RAW/MAD/training/213/10.wav,MAD,training/213
RAW/MAD/training/213/11.wav,MAD,training/213
RAW/MAD/training/213/12.wav,MAD,training/213
RAW/MAD/training/213/13.wav,MAD,training/213
RAW/MAD/training/213/14.wav,MAD,training/213
RAW/MAD/training/213/15.wav,MAD,training/213
RAW/MAD/training/213/16.wav,MAD,training/213
RAW/MAD/training/213/17.wav,MAD,training/213
RAW/MAD/training/213/18.wav,MAD,training/213
RAW/MAD/training/213/19.wav,MAD,training/213
RAW/MAD/training/213/2.wav,MAD,training/213
RAW/MAD/training/213/20.wav,MAD,training/213
RAW/MAD/training/213/21.wav,MAD,training/213
RAW/MAD/training/213/22.wav,MAD,training/213
RAW/MAD/training/213/23.wav,MAD,training/213
RAW/MAD/training/213/24.wav,MAD,training/213
RAW/MAD/training/213/25.wav,MAD,training/213
RAW/MAD/training/213/26.wav,MAD,training/213
RAW/MAD/training/213/27.wav,MAD,training/213
RAW/MAD/training/213/28.wav,MAD,training/213
RAW/MAD/training/213/3.wav,MAD,training/213
RAW/MAD/training/213/4.wav,MAD,training/213
RAW/MAD/training/213/5.wav,MAD,training/213
RAW/MAD/training/213/6.wav,MAD,training/213
RAW/MAD/training/213/7.wav,MAD,training/213
RAW/MAD/training/213/8.wav,MAD,training/213
RAW/MAD/training/213/9.wav,MAD,training/213
RAW/MAD/training/214/0.wav,MAD,training/214
RAW/MAD/training/214/1.wav,MAD,training/214
RAW/MAD/training/214/10.wav,MAD,training/214
RAW/MAD/training/214/11.wav,MAD,training/214
RAW/MAD/training/214/12.wav,MAD,training/214
RAW/MAD/training/214/13.wav,MAD,training/214
RAW/MAD/training/214/14.wav,MAD,training/214
RAW/MAD/training/214/15.wav,MAD,training/214
RAW/MAD/training/214/16.wav,MAD,training/214
RAW/MAD/training/214/17.wav,MAD,training/214
RAW/MAD/training/214/18.wav,MAD,training/214
RAW/MAD/training/214/19.wav,MAD,training/214
RAW/MAD/training/214/2.wav,MAD,training/214
RAW/MAD/training/214/20.wav,MAD,training/214
RAW/MAD/training/214/21.wav,MAD,training/214
RAW/MAD/training/214/22.wav,MAD,training/214
RAW/MAD/training/214/23.wav,MAD,training/214
RAW/MAD/training/214/24.wav,MAD,training/214
RAW/MAD/training/214/25.wav,MAD,training/214
RAW/MAD/training/214/26.wav,MAD,training/214
RAW/MAD/training/214/3.wav,MAD,training/214
RAW/MAD/training/214/4.wav,MAD,training/214
RAW/MAD/training/214/5.wav,MAD,training/214
RAW/MAD/training/214/6.wav,MAD,training/214
RAW/MAD/training/214/7.wav,MAD,training/214
RAW/MAD/training/214/8.wav,MAD,training/214
RAW/MAD/training/214/9.wav,MAD,training/214
RAW/MAD/training/216/0.wav,MAD,training/216
RAW/MAD/training/216/1.wav,MAD,training/216
RAW/MAD/training/216/10.wav,MAD,training/216
RAW/MAD/training/216/11.wav,MAD,training/216
RAW/MAD/training/216/12.wav,MAD,training/216
RAW/MAD/training/216/13.wav,MAD,training/216
RAW/MAD/training/216/14.wav,MAD,training/216
RAW/MAD/training/216/15.wav,MAD,training/216
RAW/MAD/training/216/16.wav,MAD,training/216
RAW/MAD/training/216/17.wav,MAD,training/216
RAW/MAD/training/216/18.wav,MAD,training/216
RAW/MAD/training/216/19.wav,MAD,training/216
RAW/MAD/training/216/2.wav,MAD,training/216
RAW/MAD/training/216/20.wav,MAD,training/216
RAW/MAD/training/216/21.wav,MAD,training/216
RAW/MAD/training/216/22.wav,MAD,training/216
RAW/MAD/training/216/23.wav,MAD,training/216
RAW/MAD/training/216/24.wav,MAD,training/216
RAW/MAD/training/216/25.wav,MAD,training/216
RAW/MAD/training/216/26.wav,MAD,training/216
RAW/MAD/training/216/27.wav,MAD,training/216
RAW/MAD/training/216/3.wav,MAD,training/216
RAW/MAD/training/216/4.wav,MAD,training/216
RAW/MAD/training/216/5.wav,MAD,training/216
RAW/MAD/training/216/6.wav,MAD,training/216
RAW/MAD/training/216/7.wav,MAD,training/216
RAW/MAD/training/216/8.wav,MAD,training/216
RAW/MAD/training/216/9.wav,MAD,training/216
RAW/MAD/training/217/0.wav,MAD,training/217
RAW/MAD/training/217/1.wav,MAD,training/217
RAW/MAD/training/217/10.wav,MAD,training/217
RAW/MAD/training/217/11.wav,MAD,training/217
RAW/MAD/training/217/12.wav,MAD,training/217
RAW/MAD/training/217/13.wav,MAD,training/217
RAW/MAD/training/217/14.wav,MAD,training/217
RAW/MAD/training/217/15.wav,MAD,training/217
RAW/MAD/training/217/16.wav,MAD,training/217
RAW/MAD/training/217/17.wav,MAD,training/217
RAW/MAD/training/217/2.wav,MAD,training/217
RAW/MAD/training/217/3.wav,MAD,training/217
RAW/MAD/training/217/4.wav,MAD,training/217
RAW/MAD/training/217/5.wav,MAD,training/217
RAW/MAD/training/217/6.wav,MAD,training/217
RAW/MAD/training/217/7.wav,MAD,training/217
RAW/MAD/training/217/8.wav,MAD,training/217
RAW/MAD/training/217/9.wav,MAD,training/217
RAW/MAD/training/218/0.wav,MAD,training/218
RAW/MAD/training/218/1.wav,MAD,training/218
RAW/MAD/training/218/10.wav,MAD,training/218
RAW/MAD/training/218/11.wav,MAD,training/218
RAW/MAD/training/218/2.wav,MAD,training/218
RAW/MAD/training/218/3.wav,MAD,training/218
RAW/MAD/training/218/4.wav,MAD,training/218
RAW/MAD/training/218/5.wav,MAD,training/218
RAW/MAD/training/218/6.wav,MAD,training/218
RAW/MAD/training/218/7.wav,MAD,training/218
RAW/MAD/training/218/8.wav,MAD,training/218
RAW/MAD/training/218/9.wav,MAD,training/218
RAW/MAD/training/219/0.wav,MAD,training/219
RAW/MAD/training/219/1.wav,MAD,training/219
RAW/MAD/training/219/10.wav,MAD,training/219
RAW/MAD/training/219/11.wav,MAD,training/219
RAW/MAD/training/219/12.wav,MAD,training/219
RAW/MAD/training/219/13.wav,MAD,training/219
RAW/MAD/training/219/14.wav,MAD,training/219
RAW/MAD/training/219/15.wav,MAD,training/219
RAW/MAD/training/219/16.wav,MAD,training/219
RAW/MAD/training/219/17.wav,MAD,training/219
RAW/MAD/training/219/18.wav,MAD,training/219
RAW/MAD/training/219/19.wav,MAD,training/219
RAW/MAD/training/219/2.wav,MAD,training/219
RAW/MAD/training/219/20.wav,MAD,training/219
RAW/MAD/training/219/21.wav,MAD,training/219
RAW/MAD/training/219/22.wav,MAD,training/219
RAW/MAD/training/219/23.wav,MAD,training/219
RAW/MAD/training/219/24.wav,MAD,training/219
RAW/MAD/training/219/25.wav,MAD,training/219
RAW/MAD/training/219/26.wav,MAD,training/219
RAW/MAD/training/219/27.wav,MAD,training/219
RAW/MAD/training/219/28.wav,MAD,training/219
RAW/MAD/training/219/29.wav,MAD,training/219
RAW/MAD/training/219/3.wav,MAD,training/219
RAW/MAD/training/219/30.wav,MAD,training/219
RAW/MAD/training/219/31.wav,MAD,training/219
RAW/MAD/training/219/32.wav,MAD,training/219
RAW/MAD/training/219/33.wav,MAD,training/219
RAW/MAD/training/219/34.wav,MAD,training/219
RAW/MAD/training/219/35.wav,MAD,training/219
RAW/MAD/training/219/36.wav,MAD,training/219
RAW/MAD/training/219/37.wav,MAD,training/219
RAW/MAD/training/219/38.wav,MAD,training/219
RAW/MAD/training/219/39.wav,MAD,training/219
RAW/MAD/training/219/4.wav,MAD,training/219
RAW/MAD/training/219/40.wav,MAD,training/219
RAW/MAD/training/219/41.wav,MAD,training/219
RAW/MAD/training/219/42.wav,MAD,training/219
RAW/MAD/training/219/43.wav,MAD,training/219
RAW/MAD/training/219/44.wav,MAD,training/219
RAW/MAD/training/219/45.wav,MAD,training/219
RAW/MAD/training/219/46.wav,MAD,training/219
RAW/MAD/training/219/47.wav,MAD,training/219
RAW/MAD/training/219/48.wav,MAD,training/219
RAW/MAD/training/219/49.wav,MAD,training/219
RAW/MAD/training/219/5.wav,MAD,training/219
RAW/MAD/training/219/50.wav,MAD,training/219
RAW/MAD/training/219/51.wav,MAD,training/219
RAW/MAD/training/219/52.wav,MAD,training/219
RAW/MAD/training/219/53.wav,MAD,training/219
RAW/MAD/training/219/54.wav,MAD,training/219
RAW/MAD/training/219/55.wav,MAD,training/219
RAW/MAD/training/219/56.wav,MAD,training/219
RAW/MAD/training/219/57.wav,MAD,training/219
RAW/MAD/training/219/58.wav,MAD,training/219
RAW/MAD/training/219/59.wav,MAD,training/219
RAW/MAD/training/219/6.wav,MAD,training/219
RAW/MAD/training/219/60.wav,MAD,training/219
RAW/MAD/training/219/61.wav,MAD,training/219
RAW/MAD/training/219/62.wav,MAD,training/219
RAW/MAD/training/219/63.wav,MAD,training/219
RAW/MAD/training/219/64.wav,MAD,training/219
RAW/MAD/training/219/7.wav,MAD,training/219
RAW/MAD/training/219/8.wav,MAD,training/219
RAW/MAD/training/219/9.wav,MAD,training/219
RAW/MAD/training/220/0.wav,MAD,training/220
RAW/MAD/training/220/1.wav,MAD,training/220
RAW/MAD/training/220/2.wav,MAD,training/220
RAW/MAD/training/221/0.wav,MAD,training/221
RAW/MAD/training/221/1.wav,MAD,training/221
RAW/MAD/training/221/10.wav,MAD,training/221
RAW/MAD/training/221/2.wav,MAD,training/221
RAW/MAD/training/221/3.wav,MAD,training/221
RAW/MAD/training/221/4.wav,MAD,training/221
RAW/MAD/training/221/5.wav,MAD,training/221
RAW/MAD/training/221/6.wav,MAD,training/221
RAW/MAD/training/221/7.wav,MAD,training/221
RAW/MAD/training/221/8.wav,MAD,training/221
RAW/MAD/training/221/9.wav,MAD,training/221
RAW/MAD/training/222/0.wav,MAD,training/222
RAW/MAD/training/222/1.wav,MAD,training/222
RAW/MAD/training/222/10.wav,MAD,training/222
RAW/MAD/training/222/11.wav,MAD,training/222
RAW/MAD/training/222/12.wav,MAD,training/222
RAW/MAD/training/222/13.wav,MAD,training/222
RAW/MAD/training/222/14.wav,MAD,training/222
RAW/MAD/training/222/2.wav,MAD,training/222
RAW/MAD/training/222/3.wav,MAD,training/222
RAW/MAD/training/222/4.wav,MAD,training/222
RAW/MAD/training/222/5.wav,MAD,training/222
RAW/MAD/training/222/6.wav,MAD,training/222
RAW/MAD/training/222/7.wav,MAD,training/222
RAW/MAD/training/222/8.wav,MAD,training/222
RAW/MAD/training/222/9.wav,MAD,training/222
RAW/MAD/training/223/0.wav,MAD,training/223
RAW/MAD/training/223/1.wav,MAD,training/223
RAW/MAD/training/223/10.wav,MAD,training/223
RAW/MAD/training/223/11.wav,MAD,training/223
RAW/MAD/training/223/12.wav,MAD,training/223
RAW/MAD/training/223/13.wav,MAD,training/223
RAW/MAD/training/223/14.wav,MAD,training/223
RAW/MAD/training/223/15.wav,MAD,training/223
RAW/MAD/training/223/2.wav,MAD,training/223
RAW/MAD/training/223/3.wav,MAD,training/223
RAW/MAD/training/223/4.wav,MAD,training/223
RAW/MAD/training/223/5.wav,MAD,training/223
RAW/MAD/training/223/6.wav,MAD,training/223
RAW/MAD/training/223/7.wav,MAD,training/223
RAW/MAD/training/223/8.wav,MAD,training/223
RAW/MAD/training/223/9.wav,MAD,training/223
RAW/MAD/training/224/0.wav,MAD,training/224
RAW/MAD/training/224/1.wav,MAD,training/224
RAW/MAD/training/224/2.wav,MAD,training/224
RAW/MAD/training/225/0.wav,MAD,training/225
RAW/MAD/training/225/1.wav,MAD,training/225
RAW/MAD/training/225/10.wav,MAD,training/225
RAW/MAD/training/225/11.wav,MAD,training/225
RAW/MAD/training/225/12.wav,MAD,training/225
RAW/MAD/training/225/13.wav,MAD,training/225
RAW/MAD/training/225/14.wav,MAD,training/225
RAW/MAD/training/225/2.wav,MAD,training/225
RAW/MAD/training/225/3.wav,MAD,training/225
RAW/MAD/training/225/4.wav,MAD,training/225
RAW/MAD/training/225/5.wav,MAD,training/225
RAW/MAD/training/225/6.wav,MAD,training/225
RAW/MAD/training/225/7.wav,MAD,training/225
RAW/MAD/training/225/8.wav,MAD,training/225
RAW/MAD/training/225/9.wav,MAD,training/225
RAW/MAD/training/228/0.wav,MAD,training/228
RAW/MAD/training/228/1.wav,MAD,training/228
RAW/MAD/training/228/2.wav,MAD,training/228
RAW/MAD/training/228/3.wav,MAD,training/228
RAW/MAD/training/229/0.wav,MAD,training/229
RAW/MAD/training/229/1.wav,MAD,training/229
RAW/MAD/training/229/2.wav,MAD,training/229
RAW/MAD/training/230/0.wav,MAD,training/230
RAW/MAD/training/230/1.wav,MAD,training/230
RAW/MAD/training/230/10.wav,MAD,training/230
RAW/MAD/training/230/11.wav,MAD,training/230
RAW/MAD/training/230/12.wav,MAD,training/230
RAW/MAD/training/230/13.wav,MAD,training/230
RAW/MAD/training/230/14.wav,MAD,training/230
RAW/MAD/training/230/15.wav,MAD,training/230
RAW/MAD/training/230/16.wav,MAD,training/230
RAW/MAD/training/230/17.wav,MAD,training/230
RAW/MAD/training/230/2.wav,MAD,training/230
RAW/MAD/training/230/3.wav,MAD,training/230
RAW/MAD/training/230/4.wav,MAD,training/230
RAW/MAD/training/230/5.wav,MAD,training/230
RAW/MAD/training/230/6.wav,MAD,training/230
RAW/MAD/training/230/7.wav,MAD,training/230
RAW/MAD/training/230/8.wav,MAD,training/230
RAW/MAD/training/230/9.wav,MAD,training/230
RAW/MAD/training/231/0.wav,MAD,training/231
RAW/MAD/training/231/1.wav,MAD,training/231
RAW/MAD/training/231/2.wav,MAD,training/231
RAW/MAD/training/231/3.wav,MAD,training/231
RAW/MAD/training/231/4.wav,MAD,training/231
RAW/MAD/training/231/5.wav,MAD,training/231
RAW/MAD/training/231/6.wav,MAD,training/231
RAW/MAD/training/231/7.wav,MAD,training/231
RAW/MAD/training/231/8.wav,MAD,training/231
RAW/MAD/training/231/9.wav,MAD,training/231
RAW/MAD/training/232/0.wav,MAD,training/232
RAW/MAD/training/232/1.wav,MAD,training/232
RAW/MAD/training/232/10.wav,MAD,training/232
RAW/MAD/training/232/11.wav,MAD,training/232
RAW/MAD/training/232/12.wav,MAD,training/232
RAW/MAD/training/232/13.wav,MAD,training/232
RAW/MAD/training/232/14.wav,MAD,training/232
RAW/MAD/training/232/15.wav,MAD,training/232
RAW/MAD/training/232/16.wav,MAD,training/232
RAW/MAD/training/232/2.wav,MAD,training/232
RAW/MAD/training/232/3.wav,MAD,training/232
RAW/MAD/training/232/4.wav,MAD,training/232
RAW/MAD/training/232/5.wav,MAD,training/232
RAW/MAD/training/232/6.wav,MAD,training/232
RAW/MAD/training/232/7.wav,MAD,training/232
RAW/MAD/training/232/8.wav,MAD,training/232
RAW/MAD/training/232/9.wav,MAD,training/232
RAW/MAD/training/234/0.wav,MAD,training/234
RAW/MAD/training/234/1.wav,MAD,training/234
RAW/MAD/training/234/10.wav,MAD,training/234
RAW/MAD/training/234/11.wav,MAD,training/234
RAW/MAD/training/234/12.wav,MAD,training/234
RAW/MAD/training/234/13.wav,MAD,training/234
RAW/MAD/training/234/14.wav,MAD,training/234
RAW/MAD/training/234/15.wav,MAD,training/234
RAW/MAD/training/234/16.wav,MAD,training/234
RAW/MAD/training/234/17.wav,MAD,training/234
RAW/MAD/training/234/18.wav,MAD,training/234
RAW/MAD/training/234/19.wav,MAD,training/234
RAW/MAD/training/234/2.wav,MAD,training/234
RAW/MAD/training/234/20.wav,MAD,training/234
RAW/MAD/training/234/21.wav,MAD,training/234
RAW/MAD/training/234/22.wav,MAD,training/234
RAW/MAD/training/234/23.wav,MAD,training/234
RAW/MAD/training/234/24.wav,MAD,training/234
RAW/MAD/training/234/25.wav,MAD,training/234
RAW/MAD/training/234/26.wav,MAD,training/234
RAW/MAD/training/234/27.wav,MAD,training/234
RAW/MAD/training/234/28.wav,MAD,training/234
RAW/MAD/training/234/29.wav,MAD,training/234
RAW/MAD/training/234/3.wav,MAD,training/234
RAW/MAD/training/234/4.wav,MAD,training/234
RAW/MAD/training/234/5.wav,MAD,training/234
RAW/MAD/training/234/6.wav,MAD,training/234
RAW/MAD/training/234/7.wav,MAD,training/234
RAW/MAD/training/234/8.wav,MAD,training/234
RAW/MAD/training/234/9.wav,MAD,training/234
RAW/MAD/training/235/0.wav,MAD,training/235
RAW/MAD/training/235/1.wav,MAD,training/235
RAW/MAD/training/235/10.wav,MAD,training/235
RAW/MAD/training/235/11.wav,MAD,training/235
RAW/MAD/training/235/12.wav,MAD,training/235
RAW/MAD/training/235/13.wav,MAD,training/235
RAW/MAD/training/235/14.wav,MAD,training/235
RAW/MAD/training/235/15.wav,MAD,training/235
RAW/MAD/training/235/16.wav,MAD,training/235
RAW/MAD/training/235/17.wav,MAD,training/235
RAW/MAD/training/235/18.wav,MAD,training/235
RAW/MAD/training/235/19.wav,MAD,training/235
RAW/MAD/training/235/2.wav,MAD,training/235
RAW/MAD/training/235/3.wav,MAD,training/235
RAW/MAD/training/235/4.wav,MAD,training/235
RAW/MAD/training/235/5.wav,MAD,training/235
RAW/MAD/training/235/6.wav,MAD,training/235
RAW/MAD/training/235/7.wav,MAD,training/235
RAW/MAD/training/235/8.wav,MAD,training/235
RAW/MAD/training/235/9.wav,MAD,training/235
RAW/MAD/training/238/0.wav,MAD,training/238
RAW/MAD/training/238/1.wav,MAD,training/238
RAW/MAD/training/238/2.wav,MAD,training/238
RAW/MAD/training/238/3.wav,MAD,training/238
RAW/MAD/training/238/4.wav,MAD,training/238
RAW/MAD/training/238/5.wav,MAD,training/238
RAW/MAD/training/238/6.wav,MAD,training/238
RAW/MAD/training/238/7.wav,MAD,training/238
RAW/MAD/training/239/0.wav,MAD,training/239
RAW/MAD/training/239/1.wav,MAD,training/239
RAW/MAD/training/239/10.wav,MAD,training/239
RAW/MAD/training/239/11.wav,MAD,training/239
RAW/MAD/training/239/12.wav,MAD,training/239
RAW/MAD/training/239/13.wav,MAD,training/239
RAW/MAD/training/239/14.wav,MAD,training/239
RAW/MAD/training/239/15.wav,MAD,training/239
RAW/MAD/training/239/16.wav,MAD,training/239
RAW/MAD/training/239/17.wav,MAD,training/239
RAW/MAD/training/239/18.wav,MAD,training/239
RAW/MAD/training/239/2.wav,MAD,training/239
RAW/MAD/training/239/3.wav,MAD,training/239
RAW/MAD/training/239/4.wav,MAD,training/239
RAW/MAD/training/239/5.wav,MAD,training/239
RAW/MAD/training/239/6.wav,MAD,training/239
RAW/MAD/training/239/7.wav,MAD,training/239
RAW/MAD/training/239/8.wav,MAD,training/239
RAW/MAD/training/239/9.wav,MAD,training/239
RAW/MAD/training/240/0.wav,MAD,training/240
RAW/MAD/training/240/1.wav,MAD,training/240
RAW/MAD/training/240/10.wav,MAD,training/240
RAW/MAD/training/240/11.wav,MAD,training/240
RAW/MAD/training/240/12.wav,MAD,training/240
RAW/MAD/training/240/13.wav,MAD,training/240
RAW/MAD/training/240/14.wav,MAD,training/240
RAW/MAD/training/240/15.wav,MAD,training/240
RAW/MAD/training/240/16.wav,MAD,training/240
RAW/MAD/training/240/17.wav,MAD,training/240
RAW/MAD/training/240/18.wav,MAD,training/240
RAW/MAD/training/240/19.wav,MAD,training/240
RAW/MAD/training/240/2.wav,MAD,training/240
RAW/MAD/training/240/20.wav,MAD,training/240
RAW/MAD/training/240/21.wav,MAD,training/240
RAW/MAD/training/240/3.wav,MAD,training/240
RAW/MAD/training/240/4.wav,MAD,training/240
RAW/MAD/training/240/5.wav,MAD,training/240
RAW/MAD/training/240/6.wav,MAD,training/240
RAW/MAD/training/240/7.wav,MAD,training/240
RAW/MAD/training/240/8.wav,MAD,training/240
RAW/MAD/training/240/9.wav,MAD,training/240
RAW/MAD/training/243/0.wav,MAD,training/243
RAW/MAD/training/243/1.wav,MAD,training/243
RAW/MAD/training/243/10.wav,MAD,training/243
RAW/MAD/training/243/11.wav,MAD,training/243
RAW/MAD/training/243/12.wav,MAD,training/243
RAW/MAD/training/243/13.wav,MAD,training/243
RAW/MAD/training/243/14.wav,MAD,training/243
RAW/MAD/training/243/15.wav,MAD,training/243
RAW/MAD/training/243/16.wav,MAD,training/243
RAW/MAD/training/243/17.wav,MAD,training/243
RAW/MAD/training/243/18.wav,MAD,training/243
RAW/MAD/training/243/19.wav,MAD,training/243
RAW/MAD/training/243/2.wav,MAD,training/243
RAW/MAD/training/243/20.wav,MAD,training/243
RAW/MAD/training/243/21.wav,MAD,training/243
RAW/MAD/training/243/22.wav,MAD,training/243
RAW/MAD/training/243/23.wav,MAD,training/243
RAW/MAD/training/243/24.wav,MAD,training/243
RAW/MAD/training/243/25.wav,MAD,training/243
RAW/MAD/training/243/26.wav,MAD,training/243
RAW/MAD/training/243/27.wav,MAD,training/243
RAW/MAD/training/243/3.wav,MAD,training/243
RAW/MAD/training/243/4.wav,MAD,training/243
RAW/MAD/training/243/5.wav,MAD,training/243
RAW/MAD/training/243/6.wav,MAD,training/243
RAW/MAD/training/243/7.wav,MAD,training/243
RAW/MAD/training/243/8.wav,MAD,training/243
RAW/MAD/training/243/9.wav,MAD,training/243
RAW/MAD/training/244/0.wav,MAD,training/244
RAW/MAD/training/244/1.wav,MAD,training/244
RAW/MAD/training/244/10.wav,MAD,training/244
RAW/MAD/training/244/11.wav,MAD,training/244
RAW/MAD/training/244/12.wav,MAD,training/244
RAW/MAD/training/244/13.wav,MAD,training/244
RAW/MAD/training/244/14.wav,MAD,training/244
RAW/MAD/training/244/15.wav,MAD,training/244
RAW/MAD/training/244/16.wav,MAD,training/244
RAW/MAD/training/244/17.wav,MAD,training/244
RAW/MAD/training/244/18.wav,MAD,training/244
RAW/MAD/training/244/19.wav,MAD,training/244
RAW/MAD/training/244/2.wav,MAD,training/244
RAW/MAD/training/244/20.wav,MAD,training/244
RAW/MAD/training/244/21.wav,MAD,training/244
RAW/MAD/training/244/22.wav,MAD,training/244
RAW/MAD/training/244/23.wav,MAD,training/244
RAW/MAD/training/244/24.wav,MAD,training/244
RAW/MAD/training/244/25.wav,MAD,training/244
RAW/MAD/training/244/26.wav,MAD,training/244
RAW/MAD/training/244/27.wav,MAD,training/244
RAW/MAD/training/244/28.wav,MAD,training/244
RAW/MAD/training/244/29.wav,MAD,training/244
RAW/MAD/training/244/3.wav,MAD,training/244
RAW/MAD/training/244/30.wav,MAD,training/244
RAW/MAD/training/244/31.wav,MAD,training/244
RAW/MAD/training/244/32.wav,MAD,training/244
RAW/MAD/training/244/33.wav,MAD,training/244
RAW/MAD/training/244/34.wav,MAD,training/244
RAW/MAD/training/244/35.wav,MAD,training/244
RAW/MAD/training/244/36.wav,MAD,training/244
RAW/MAD/training/244/37.wav,MAD,training/244
RAW/MAD/training/244/38.wav,MAD,training/244
RAW/MAD/training/244/39.wav,MAD,training/244
RAW/MAD/training/244/4.wav,MAD,training/244
RAW/MAD/training/244/40.wav,MAD,training/244
RAW/MAD/training/244/41.wav,MAD,training/244
RAW/MAD/training/244/42.wav,MAD,training/244
RAW/MAD/training/244/43.wav,MAD,training/244
RAW/MAD/training/244/44.wav,MAD,training/244
RAW/MAD/training/244/45.wav,MAD,training/244
RAW/MAD/training/244/46.wav,MAD,training/244
RAW/MAD/training/244/47.wav,MAD,training/244
RAW/MAD/training/244/48.wav,MAD,training/244
RAW/MAD/training/244/49.wav,MAD,training/244
RAW/MAD/training/244/5.wav,MAD,training/244
RAW/MAD/training/244/50.wav,MAD,training/244
RAW/MAD/training/244/51.wav,MAD,training/244
RAW/MAD/training/244/52.wav,MAD,training/244
RAW/MAD/training/244/53.wav,MAD,training/244
RAW/MAD/training/244/54.wav,MAD,training/244
RAW/MAD/training/244/55.wav,MAD,training/244
RAW/MAD/training/244/56.wav,MAD,training/244
RAW/MAD/training/244/57.wav,MAD,training/244
RAW/MAD/training/244/58.wav,MAD,training/244
RAW/MAD/training/244/59.wav,MAD,training/244
RAW/MAD/training/244/6.wav,MAD,training/244
RAW/MAD/training/244/60.wav,MAD,training/244
RAW/MAD/training/244/7.wav,MAD,training/244
RAW/MAD/training/244/8.wav,MAD,training/244
RAW/MAD/training/244/9.wav,MAD,training/244
RAW/MAD/training/246/0.wav,MAD,training/246
RAW/MAD/training/246/1.wav,MAD,training/246
RAW/MAD/training/246/10.wav,MAD,training/246
RAW/MAD/training/246/11.wav,MAD,training/246
RAW/MAD/training/246/2.wav,MAD,training/246
RAW/MAD/training/246/3.wav,MAD,training/246
RAW/MAD/training/246/4.wav,MAD,training/246
RAW/MAD/training/246/5.wav,MAD,training/246
RAW/MAD/training/246/6.wav,MAD,training/246
RAW/MAD/training/246/7.wav,MAD,training/246
RAW/MAD/training/246/8.wav,MAD,training/246
RAW/MAD/training/246/9.wav,MAD,training/246
RAW/MAD/training/248/0.wav,MAD,training/248
RAW/MAD/training/248/1.wav,MAD,training/248
RAW/MAD/training/248/10.wav,MAD,training/248
RAW/MAD/training/248/11.wav,MAD,training/248
RAW/MAD/training/248/12.wav,MAD,training/248
RAW/MAD/training/248/13.wav,MAD,training/248
RAW/MAD/training/248/14.wav,MAD,training/248
RAW/MAD/training/248/15.wav,MAD,training/248
RAW/MAD/training/248/16.wav,MAD,training/248
RAW/MAD/training/248/17.wav,MAD,training/248
RAW/MAD/training/248/18.wav,MAD,training/248
RAW/MAD/training/248/19.wav,MAD,training/248
RAW/MAD/training/248/2.wav,MAD,training/248
RAW/MAD/training/248/20.wav,MAD,training/248
RAW/MAD/training/248/21.wav,MAD,training/248
RAW/MAD/training/248/22.wav,MAD,training/248
RAW/MAD/training/248/23.wav,MAD,training/248
RAW/MAD/training/248/24.wav,MAD,training/248
RAW/MAD/training/248/25.wav,MAD,training/248
RAW/MAD/training/248/26.wav,MAD,training/248
RAW/MAD/training/248/27.wav,MAD,training/248
RAW/MAD/training/248/28.wav,MAD,training/248
RAW/MAD/training/248/29.wav,MAD,training/248
RAW/MAD/training/248/3.wav,MAD,training/248
RAW/MAD/training/248/30.wav,MAD,training/248
RAW/MAD/training/248/31.wav,MAD,training/248
RAW/MAD/training/248/32.wav,MAD,training/248
RAW/MAD/training/248/33.wav,MAD,training/248
RAW/MAD/training/248/34.wav,MAD,training/248
RAW/MAD/training/248/35.wav,MAD,training/248
RAW/MAD/training/248/36.wav,MAD,training/248
RAW/MAD/training/248/37.wav,MAD,training/248
RAW/MAD/training/248/38.wav,MAD,training/248
RAW/MAD/training/248/39.wav,MAD,training/248
RAW/MAD/training/248/4.wav,MAD,training/248
RAW/MAD/training/248/40.wav,MAD,training/248
RAW/MAD/training/248/41.wav,MAD,training/248
RAW/MAD/training/248/42.wav,MAD,training/248
RAW/MAD/training/248/43.wav,MAD,training/248
RAW/MAD/training/248/44.wav,MAD,training/248
RAW/MAD/training/248/45.wav,MAD,training/248
RAW/MAD/training/248/46.wav,MAD,training/248
RAW/MAD/training/248/47.wav,MAD,training/248
RAW/MAD/training/248/48.wav,MAD,training/248
RAW/MAD/training/248/49.wav,MAD,training/248
RAW/MAD/training/248/5.wav,MAD,training/248
RAW/MAD/training/248/50.wav,MAD,training/248
RAW/MAD/training/248/51.wav,MAD,training/248
RAW/MAD/training/248/52.wav,MAD,training/248
RAW/MAD/training/248/6.wav,MAD,training/248
RAW/MAD/training/248/7.wav,MAD,training/248
RAW/MAD/training/248/8.wav,MAD,training/248
RAW/MAD/training/248/9.wav,MAD,training/248
RAW/MAD/training/249/0.wav,MAD,training/249
RAW/MAD/training/249/1.wav,MAD,training/249
RAW/MAD/training/249/10.wav,MAD,training/249
RAW/MAD/training/249/11.wav,MAD,training/249
RAW/MAD/training/249/12.wav,MAD,training/249
RAW/MAD/training/249/13.wav,MAD,training/249
RAW/MAD/training/249/14.wav,MAD,training/249
RAW/MAD/training/249/15.wav,MAD,training/249
RAW/MAD/training/249/16.wav,MAD,training/249
RAW/MAD/training/249/17.wav,MAD,training/249
RAW/MAD/training/249/2.wav,MAD,training/249
RAW/MAD/training/249/3.wav,MAD,training/249
RAW/MAD/training/249/4.wav,MAD,training/249
RAW/MAD/training/249/5.wav,MAD,training/249
RAW/MAD/training/249/6.wav,MAD,training/249
RAW/MAD/training/249/7.wav,MAD,training/249
RAW/MAD/training/249/8.wav,MAD,training/249
RAW/MAD/training/249/9.wav,MAD,training/249
RAW/MAD/training/250/0.wav,MAD,training/250
RAW/MAD/training/250/1.wav,MAD,training/250
RAW/MAD/training/250/10.wav,MAD,training/250
RAW/MAD/training/250/11.wav,MAD,training/250
RAW/MAD/training/250/12.wav,MAD,training/250
RAW/MAD/training/250/2.wav,MAD,training/250
RAW/MAD/training/250/3.wav,MAD,training/250
RAW/MAD/training/250/4.wav,MAD,training/250
RAW/MAD/training/250/5.wav,MAD,training/250
RAW/MAD/training/250/6.wav,MAD,training/250
RAW/MAD/training/250/7.wav,MAD,training/250
RAW/MAD/training/250/8.wav,MAD,training/250
RAW/MAD/training/250/9.wav,MAD,training/250
RAW/MAD/training/251/0.wav,MAD,training/251
RAW/MAD/training/251/1.wav,MAD,training/251
RAW/MAD/training/253/0.wav,MAD,training/253
RAW/MAD/training/253/1.wav,MAD,training/253
RAW/MAD/training/253/10.wav,MAD,training/253
RAW/MAD/training/253/11.wav,MAD,training/253
RAW/MAD/training/253/12.wav,MAD,training/253
RAW/MAD/training/253/13.wav,MAD,training/253
RAW/MAD/training/253/14.wav,MAD,training/253
RAW/MAD/training/253/15.wav,MAD,training/253
RAW/MAD/training/253/16.wav,MAD,training/253
RAW/MAD/training/253/17.wav,MAD,training/253
RAW/MAD/training/253/18.wav,MAD,training/253
RAW/MAD/training/253/19.wav,MAD,training/253
RAW/MAD/training/253/2.wav,MAD,training/253
RAW/MAD/training/253/20.wav,MAD,training/253
RAW/MAD/training/253/21.wav,MAD,training/253
RAW/MAD/training/253/22.wav,MAD,training/253
RAW/MAD/training/253/23.wav,MAD,training/253
RAW/MAD/training/253/24.wav,MAD,training/253
RAW/MAD/training/253/3.wav,MAD,training/253
RAW/MAD/training/253/4.wav,MAD,training/253
RAW/MAD/training/253/5.wav,MAD,training/253
RAW/MAD/training/253/6.wav,MAD,training/253
RAW/MAD/training/253/7.wav,MAD,training/253
RAW/MAD/training/253/8.wav,MAD,training/253
RAW/MAD/training/253/9.wav,MAD,training/253
RAW/MAD/training/254/0.wav,MAD,training/254
RAW/MAD/training/254/1.wav,MAD,training/254
RAW/MAD/training/254/10.wav,MAD,training/254
RAW/MAD/training/254/11.wav,MAD,training/254
RAW/MAD/training/254/12.wav,MAD,training/254
RAW/MAD/training/254/13.wav,MAD,training/254
RAW/MAD/training/254/14.wav,MAD,training/254
RAW/MAD/training/254/15.wav,MAD,training/254
RAW/MAD/training/254/16.wav,MAD,training/254
RAW/MAD/training/254/17.wav,MAD,training/254
RAW/MAD/training/254/18.wav,MAD,training/254
RAW/MAD/training/254/19.wav,MAD,training/254
RAW/MAD/training/254/2.wav,MAD,training/254
RAW/MAD/training/254/20.wav,MAD,training/254
RAW/MAD/training/254/21.wav,MAD,training/254
RAW/MAD/training/254/22.wav,MAD,training/254
RAW/MAD/training/254/23.wav,MAD,training/254
RAW/MAD/training/254/24.wav,MAD,training/254
RAW/MAD/training/254/3.wav,MAD,training/254
RAW/MAD/training/254/4.wav,MAD,training/254
RAW/MAD/training/254/5.wav,MAD,training/254
RAW/MAD/training/254/6.wav,MAD,training/254
RAW/MAD/training/254/7.wav,MAD,training/254
RAW/MAD/training/254/8.wav,MAD,training/254
RAW/MAD/training/254/9.wav,MAD,training/254
RAW/MAD/training/255/0.wav,MAD,training/255
RAW/MAD/training/255/1.wav,MAD,training/255
RAW/MAD/training/255/10.wav,MAD,training/255
RAW/MAD/training/255/11.wav,MAD,training/255
RAW/MAD/training/255/12.wav,MAD,training/255
RAW/MAD/training/255/13.wav,MAD,training/255
RAW/MAD/training/255/14.wav,MAD,training/255
RAW/MAD/training/255/15.wav,MAD,training/255
RAW/MAD/training/255/16.wav,MAD,training/255
RAW/MAD/training/255/2.wav,MAD,training/255
RAW/MAD/training/255/3.wav,MAD,training/255
RAW/MAD/training/255/4.wav,MAD,training/255
RAW/MAD/training/255/5.wav,MAD,training/255
RAW/MAD/training/255/6.wav,MAD,training/255
RAW/MAD/training/255/7.wav,MAD,training/255
RAW/MAD/training/255/8.wav,MAD,training/255
RAW/MAD/training/255/9.wav,MAD,training/255
RAW/MAD/training/260/0.wav,MAD,training/260
RAW/MAD/training/260/1.wav,MAD,training/260
RAW/MAD/training/260/10.wav,MAD,training/260
RAW/MAD/training/260/11.wav,MAD,training/260
RAW/MAD/training/260/12.wav,MAD,training/260
RAW/MAD/training/260/13.wav,MAD,training/260
RAW/MAD/training/260/2.wav,MAD,training/260
RAW/MAD/training/260/3.wav,MAD,training/260
RAW/MAD/training/260/4.wav,MAD,training/260
RAW/MAD/training/260/5.wav,MAD,training/260
RAW/MAD/training/260/6.wav,MAD,training/260
RAW/MAD/training/260/7.wav,MAD,training/260
RAW/MAD/training/260/8.wav,MAD,training/260
RAW/MAD/training/260/9.wav,MAD,training/260
RAW/MAD/training/261/0.wav,MAD,training/261
RAW/MAD/training/261/1.wav,MAD,training/261
RAW/MAD/training/261/2.wav,MAD,training/261
RAW/MAD/training/261/3.wav,MAD,training/261
RAW/MAD/training/261/4.wav,MAD,training/261
RAW/MAD/training/261/5.wav,MAD,training/261
RAW/MAD/training/262/0.wav,MAD,training/262
RAW/MAD/training/262/1.wav,MAD,training/262
RAW/MAD/training/262/10.wav,MAD,training/262
RAW/MAD/training/262/11.wav,MAD,training/262
RAW/MAD/training/262/12.wav,MAD,training/262
RAW/MAD/training/262/13.wav,MAD,training/262
RAW/MAD/training/262/2.wav,MAD,training/262
RAW/MAD/training/262/3.wav,MAD,training/262
RAW/MAD/training/262/4.wav,MAD,training/262
RAW/MAD/training/262/5.wav,MAD,training/262
RAW/MAD/training/262/6.wav,MAD,training/262
RAW/MAD/training/262/7.wav,MAD,training/262
RAW/MAD/training/262/8.wav,MAD,training/262
RAW/MAD/training/262/9.wav,MAD,training/262
RAW/MAD/training/263/0.wav,MAD,training/263
RAW/MAD/training/263/1.wav,MAD,training/263
RAW/MAD/training/263/2.wav,MAD,training/263
RAW/MAD/training/263/3.wav,MAD,training/263
RAW/MAD/training/264/0.wav,MAD,training/264
RAW/MAD/training/264/1.wav,MAD,training/264
RAW/MAD/training/264/2.wav,MAD,training/264
RAW/MAD/training/264/3.wav,MAD,training/264
RAW/MAD/training/264/4.wav,MAD,training/264
RAW/MAD/training/264/5.wav,MAD,training/264
RAW/MAD/training/264/6.wav,MAD,training/264
RAW/MAD/training/264/7.wav,MAD,training/264
RAW/MAD/training/264/8.wav,MAD,training/264
RAW/MAD/training/265/0.wav,MAD,training/265
RAW/MAD/training/265/1.wav,MAD,training/265
RAW/MAD/training/265/2.wav,MAD,training/265
RAW/MAD/training/265/3.wav,MAD,training/265
RAW/MAD/training/265/4.wav,MAD,training/265
RAW/MAD/training/265/5.wav,MAD,training/265
RAW/MAD/training/265/6.wav,MAD,training/265
RAW/MAD/training/265/7.wav,MAD,training/265
RAW/MAD/training/266/0.wav,MAD,training/266
RAW/MAD/training/266/1.wav,MAD,training/266
RAW/MAD/training/266/10.wav,MAD,training/266
RAW/MAD/training/266/11.wav,MAD,training/266
RAW/MAD/training/266/12.wav,MAD,training/266
RAW/MAD/training/266/13.wav,MAD,training/266
RAW/MAD/training/266/14.wav,MAD,training/266
RAW/MAD/training/266/15.wav,MAD,training/266
RAW/MAD/training/266/16.wav,MAD,training/266
RAW/MAD/training/266/17.wav,MAD,training/266
RAW/MAD/training/266/18.wav,MAD,training/266
RAW/MAD/training/266/19.wav,MAD,training/266
RAW/MAD/training/266/2.wav,MAD,training/266
RAW/MAD/training/266/20.wav,MAD,training/266
RAW/MAD/training/266/21.wav,MAD,training/266
RAW/MAD/training/266/22.wav,MAD,training/266
RAW/MAD/training/266/3.wav,MAD,training/266
RAW/MAD/training/266/4.wav,MAD,training/266
RAW/MAD/training/266/5.wav,MAD,training/266
RAW/MAD/training/266/6.wav,MAD,training/266
RAW/MAD/training/266/7.wav,MAD,training/266
RAW/MAD/training/266/8.wav,MAD,training/266
RAW/MAD/training/266/9.wav,MAD,training/266
RAW/MAD/training/267/0.wav,MAD,training/267
RAW/MAD/training/267/1.wav,MAD,training/267
RAW/MAD/training/267/10.wav,MAD,training/267
RAW/MAD/training/267/11.wav,MAD,training/267
RAW/MAD/training/267/12.wav,MAD,training/267
RAW/MAD/training/267/13.wav,MAD,training/267
RAW/MAD/training/267/2.wav,MAD,training/267
RAW/MAD/training/267/3.wav,MAD,training/267
RAW/MAD/training/267/4.wav,MAD,training/267
RAW/MAD/training/267/5.wav,MAD,training/267
RAW/MAD/training/267/6.wav,MAD,training/267
RAW/MAD/training/267/7.wav,MAD,training/267
RAW/MAD/training/267/8.wav,MAD,training/267
RAW/MAD/training/267/9.wav,MAD,training/267
RAW/MAD/training/269/0.wav,MAD,training/269
RAW/MAD/training/269/1.wav,MAD,training/269
RAW/MAD/training/269/2.wav,MAD,training/269
RAW/MAD/training/269/3.wav,MAD,training/269
RAW/MAD/training/269/4.wav,MAD,training/269
RAW/MAD/training/269/5.wav,MAD,training/269
RAW/MAD/training/269/6.wav,MAD,training/269
RAW/MAD/training/271/0.wav,MAD,training/271
RAW/MAD/training/271/1.wav,MAD,training/271
RAW/MAD/training/271/10.wav,MAD,training/271
RAW/MAD/training/271/11.wav,MAD,training/271
RAW/MAD/training/271/12.wav,MAD,training/271
RAW/MAD/training/271/13.wav,MAD,training/271
RAW/MAD/training/271/14.wav,MAD,training/271
RAW/MAD/training/271/15.wav,MAD,training/271
RAW/MAD/training/271/2.wav,MAD,training/271
RAW/MAD/training/271/3.wav,MAD,training/271
RAW/MAD/training/271/4.wav,MAD,training/271
RAW/MAD/training/271/5.wav,MAD,training/271
RAW/MAD/training/271/6.wav,MAD,training/271
RAW/MAD/training/271/7.wav,MAD,training/271
RAW/MAD/training/271/8.wav,MAD,training/271
RAW/MAD/training/271/9.wav,MAD,training/271
RAW/MAD/training/272/0.wav,MAD,training/272
RAW/MAD/training/272/1.wav,MAD,training/272
RAW/MAD/training/272/10.wav,MAD,training/272
RAW/MAD/training/272/11.wav,MAD,training/272
RAW/MAD/training/272/12.wav,MAD,training/272
RAW/MAD/training/272/13.wav,MAD,training/272
RAW/MAD/training/272/14.wav,MAD,training/272
RAW/MAD/training/272/15.wav,MAD,training/272
RAW/MAD/training/272/16.wav,MAD,training/272
RAW/MAD/training/272/17.wav,MAD,training/272
RAW/MAD/training/272/18.wav,MAD,training/272
RAW/MAD/training/272/2.wav,MAD,training/272
RAW/MAD/training/272/3.wav,MAD,training/272
RAW/MAD/training/272/4.wav,MAD,training/272
RAW/MAD/training/272/5.wav,MAD,training/272
RAW/MAD/training/272/6.wav,MAD,training/272
RAW/MAD/training/272/7.wav,MAD,training/272
RAW/MAD/training/272/8.wav,MAD,training/272
RAW/MAD/training/272/9.wav,MAD,training/272
RAW/MAD/training/273/0.wav,MAD,training/273
RAW/MAD/training/273/1.wav,MAD,training/273
RAW/MAD/training/273/2.wav,MAD,training/273
RAW/MAD/training/273/3.wav,MAD,training/273
RAW/MAD/training/273/4.wav,MAD,training/273
RAW/MAD/training/273/5.wav,MAD,training/273
RAW/MAD/training/275/0.wav,MAD,training/275
RAW/MAD/training/275/1.wav,MAD,training/275
RAW/MAD/training/275/10.wav,MAD,training/275
RAW/MAD/training/275/11.wav,MAD,training/275
RAW/MAD/training/275/12.wav,MAD,training/275
RAW/MAD/training/275/13.wav,MAD,training/275
RAW/MAD/training/275/14.wav,MAD,training/275
RAW/MAD/training/275/15.wav,MAD,training/275
RAW/MAD/training/275/16.wav,MAD,training/275
RAW/MAD/training/275/17.wav,MAD,training/275
RAW/MAD/training/275/18.wav,MAD,training/275
RAW/MAD/training/275/19.wav,MAD,training/275
RAW/MAD/training/275/2.wav,MAD,training/275
RAW/MAD/training/275/20.wav,MAD,training/275
RAW/MAD/training/275/21.wav,MAD,training/275
RAW/MAD/training/275/22.wav,MAD,training/275
RAW/MAD/training/275/23.wav,MAD,training/275
RAW/MAD/training/275/24.wav,MAD,training/275
RAW/MAD/training/275/25.wav,MAD,training/275
RAW/MAD/training/275/26.wav,MAD,training/275
RAW/MAD/training/275/27.wav,MAD,training/275
RAW/MAD/training/275/28.wav,MAD,training/275
RAW/MAD/training/275/29.wav,MAD,training/275
RAW/MAD/training/275/3.wav,MAD,training/275
RAW/MAD/training/275/30.wav,MAD,training/275
RAW/MAD/training/275/31.wav,MAD,training/275
RAW/MAD/training/275/32.wav,MAD,training/275
RAW/MAD/training/275/33.wav,MAD,training/275
RAW/MAD/training/275/34.wav,MAD,training/275
RAW/MAD/training/275/35.wav,MAD,training/275
RAW/MAD/training/275/36.wav,MAD,training/275
RAW/MAD/training/275/37.wav,MAD,training/275
RAW/MAD/training/275/4.wav,MAD,training/275
RAW/MAD/training/275/5.wav,MAD,training/275
RAW/MAD/training/275/6.wav,MAD,training/275
RAW/MAD/training/275/7.wav,MAD,training/275
RAW/MAD/training/275/8.wav,MAD,training/275
RAW/MAD/training/275/9.wav,MAD,training/275
RAW/MAD/training/276/0.wav,MAD,training/276
RAW/MAD/training/276/1.wav,MAD,training/276
RAW/MAD/training/276/10.wav,MAD,training/276
RAW/MAD/training/276/2.wav,MAD,training/276
RAW/MAD/training/276/3.wav,MAD,training/276
RAW/MAD/training/276/4.wav,MAD,training/276
RAW/MAD/training/276/5.wav,MAD,training/276
RAW/MAD/training/276/6.wav,MAD,training/276
RAW/MAD/training/276/7.wav,MAD,training/276
RAW/MAD/training/276/8.wav,MAD,training/276
RAW/MAD/training/276/9.wav,MAD,training/276
RAW/MAD/training/277/0.wav,MAD,training/277
RAW/MAD/training/277/1.wav,MAD,training/277
RAW/MAD/training/277/10.wav,MAD,training/277
RAW/MAD/training/277/2.wav,MAD,training/277
RAW/MAD/training/277/3.wav,MAD,training/277
RAW/MAD/training/277/4.wav,MAD,training/277
RAW/MAD/training/277/5.wav,MAD,training/277
RAW/MAD/training/277/6.wav,MAD,training/277
RAW/MAD/training/277/7.wav,MAD,training/277
RAW/MAD/training/277/8.wav,MAD,training/277
RAW/MAD/training/277/9.wav,MAD,training/277
RAW/MAD/training/278/0.wav,MAD,training/278
RAW/MAD/training/278/1.wav,MAD,training/278
RAW/MAD/training/278/2.wav,MAD,training/278
RAW/MAD/training/279/0.wav,MAD,training/279
RAW/MAD/training/279/1.wav,MAD,training/279
RAW/MAD/training/280/0.wav,MAD,training/280
RAW/MAD/training/280/1.wav,MAD,training/280
RAW/MAD/training/280/2.wav,MAD,training/280
RAW/MAD/training/280/3.wav,MAD,training/280
RAW/MAD/training/280/4.wav,MAD,training/280
RAW/MAD/training/280/5.wav,MAD,training/280
RAW/MAD/training/282/0.wav,MAD,training/282
RAW/MAD/training/282/1.wav,MAD,training/282
RAW/MAD/training/283/0.wav,MAD,training/283
RAW/MAD/training/283/1.wav,MAD,training/283
RAW/MAD/training/283/2.wav,MAD,training/283
RAW/MAD/training/283/3.wav,MAD,training/283
RAW/MAD/training/283/4.wav,MAD,training/283
RAW/MAD/training/283/5.wav,MAD,training/283
RAW/MAD/training/283/6.wav,MAD,training/283
RAW/MAD/training/284/0.wav,MAD,training/284
RAW/MAD/training/284/1.wav,MAD,training/284
RAW/MAD/training/284/10.wav,MAD,training/284
RAW/MAD/training/284/11.wav,MAD,training/284
RAW/MAD/training/284/12.wav,MAD,training/284
RAW/MAD/training/284/13.wav,MAD,training/284
RAW/MAD/training/284/14.wav,MAD,training/284
RAW/MAD/training/284/15.wav,MAD,training/284
RAW/MAD/training/284/16.wav,MAD,training/284
RAW/MAD/training/284/2.wav,MAD,training/284
RAW/MAD/training/284/3.wav,MAD,training/284
RAW/MAD/training/284/4.wav,MAD,training/284
RAW/MAD/training/284/5.wav,MAD,training/284
RAW/MAD/training/284/6.wav,MAD,training/284
RAW/MAD/training/284/7.wav,MAD,training/284
RAW/MAD/training/284/8.wav,MAD,training/284
RAW/MAD/training/284/9.wav,MAD,training/284
RAW/MAD/training/285/0.wav,MAD,training/285
RAW/MAD/training/285/1.wav,MAD,training/285
RAW/MAD/training/285/2.wav,MAD,training/285
RAW/MAD/training/285/3.wav,MAD,training/285
RAW/MAD/training/285/4.wav,MAD,training/285
RAW/MAD/training/285/5.wav,MAD,training/285
RAW/MAD/training/285/6.wav,MAD,training/285
RAW/MAD/training/285/7.wav,MAD,training/285
RAW/MAD/training/285/8.wav,MAD,training/285
RAW/MAD/training/286/0.wav,MAD,training/286
RAW/MAD/training/286/1.wav,MAD,training/286
RAW/MAD/training/286/10.wav,MAD,training/286
RAW/MAD/training/286/11.wav,MAD,training/286
RAW/MAD/training/286/12.wav,MAD,training/286
RAW/MAD/training/286/13.wav,MAD,training/286
RAW/MAD/training/286/14.wav,MAD,training/286
RAW/MAD/training/286/15.wav,MAD,training/286
RAW/MAD/training/286/16.wav,MAD,training/286
RAW/MAD/training/286/17.wav,MAD,training/286
RAW/MAD/training/286/18.wav,MAD,training/286
RAW/MAD/training/286/19.wav,MAD,training/286
RAW/MAD/training/286/2.wav,MAD,training/286
RAW/MAD/training/286/3.wav,MAD,training/286
RAW/MAD/training/286/4.wav,MAD,training/286
RAW/MAD/training/286/5.wav,MAD,training/286
RAW/MAD/training/286/6.wav,MAD,training/286
RAW/MAD/training/286/7.wav,MAD,training/286
RAW/MAD/training/286/8.wav,MAD,training/286
RAW/MAD/training/286/9.wav,MAD,training/286
RAW/MAD/training/287/0.wav,MAD,training/287
RAW/MAD/training/287/1.wav,MAD,training/287
RAW/MAD/training/287/2.wav,MAD,training/287
RAW/MAD/training/287/3.wav,MAD,training/287
RAW/MAD/training/287/4.wav,MAD,training/287
RAW/MAD/training/287/5.wav,MAD,training/287
RAW/MAD/training/288/0.wav,MAD,training/288
RAW/MAD/training/288/1.wav,MAD,training/288
RAW/MAD/training/288/10.wav,MAD,training/288
RAW/MAD/training/288/11.wav,MAD,training/288
RAW/MAD/training/288/12.wav,MAD,training/288
RAW/MAD/training/288/13.wav,MAD,training/288
RAW/MAD/training/288/14.wav,MAD,training/288
RAW/MAD/training/288/15.wav,MAD,training/288
RAW/MAD/training/288/16.wav,MAD,training/288
RAW/MAD/training/288/17.wav,MAD,training/288
RAW/MAD/training/288/18.wav,MAD,training/288
RAW/MAD/training/288/19.wav,MAD,training/288
RAW/MAD/training/288/2.wav,MAD,training/288
RAW/MAD/training/288/20.wav,MAD,training/288
RAW/MAD/training/288/21.wav,MAD,training/288
RAW/MAD/training/288/3.wav,MAD,training/288
RAW/MAD/training/288/4.wav,MAD,training/288
RAW/MAD/training/288/5.wav,MAD,training/288
RAW/MAD/training/288/6.wav,MAD,training/288
RAW/MAD/training/288/7.wav,MAD,training/288
RAW/MAD/training/288/8.wav,MAD,training/288
RAW/MAD/training/288/9.wav,MAD,training/288
RAW/MAD/training/290/0.wav,MAD,training/290
RAW/MAD/training/290/1.wav,MAD,training/290
RAW/MAD/training/290/10.wav,MAD,training/290
RAW/MAD/training/290/11.wav,MAD,training/290
RAW/MAD/training/290/12.wav,MAD,training/290
RAW/MAD/training/290/13.wav,MAD,training/290
RAW/MAD/training/290/14.wav,MAD,training/290
RAW/MAD/training/290/15.wav,MAD,training/290
RAW/MAD/training/290/16.wav,MAD,training/290
RAW/MAD/training/290/17.wav,MAD,training/290
RAW/MAD/training/290/18.wav,MAD,training/290
RAW/MAD/training/290/19.wav,MAD,training/290
RAW/MAD/training/290/2.wav,MAD,training/290
RAW/MAD/training/290/20.wav,MAD,training/290
RAW/MAD/training/290/21.wav,MAD,training/290
RAW/MAD/training/290/22.wav,MAD,training/290
RAW/MAD/training/290/23.wav,MAD,training/290
RAW/MAD/training/290/24.wav,MAD,training/290
RAW/MAD/training/290/25.wav,MAD,training/290
RAW/MAD/training/290/26.wav,MAD,training/290
RAW/MAD/training/290/27.wav,MAD,training/290
RAW/MAD/training/290/28.wav,MAD,training/290
RAW/MAD/training/290/29.wav,MAD,training/290
RAW/MAD/training/290/3.wav,MAD,training/290
RAW/MAD/training/290/4.wav,MAD,training/290
RAW/MAD/training/290/5.wav,MAD,training/290
RAW/MAD/training/290/6.wav,MAD,training/290
RAW/MAD/training/290/7.wav,MAD,training/290
RAW/MAD/training/290/8.wav,MAD,training/290
RAW/MAD/training/290/9.wav,MAD,training/290
RAW/MAD/training/291/0.wav,MAD,training/291
RAW/MAD/training/291/1.wav,MAD,training/291
RAW/MAD/training/291/10.wav,MAD,training/291
RAW/MAD/training/291/11.wav,MAD,training/291
RAW/MAD/training/291/12.wav,MAD,training/291
RAW/MAD/training/291/13.wav,MAD,training/291
RAW/MAD/training/291/14.wav,MAD,training/291
RAW/MAD/training/291/15.wav,MAD,training/291
RAW/MAD/training/291/16.wav,MAD,training/291
RAW/MAD/training/291/17.wav,MAD,training/291
RAW/MAD/training/291/18.wav,MAD,training/291
RAW/MAD/training/291/19.wav,MAD,training/291
RAW/MAD/training/291/2.wav,MAD,training/291
RAW/MAD/training/291/20.wav,MAD,training/291
RAW/MAD/training/291/21.wav,MAD,training/291
RAW/MAD/training/291/22.wav,MAD,training/291
RAW/MAD/training/291/23.wav,MAD,training/291
RAW/MAD/training/291/24.wav,MAD,training/291
RAW/MAD/training/291/25.wav,MAD,training/291
RAW/MAD/training/291/26.wav,MAD,training/291
RAW/MAD/training/291/27.wav,MAD,training/291
RAW/MAD/training/291/28.wav,MAD,training/291
RAW/MAD/training/291/29.wav,MAD,training/291
RAW/MAD/training/291/3.wav,MAD,training/291
RAW/MAD/training/291/30.wav,MAD,training/291
RAW/MAD/training/291/31.wav,MAD,training/291
RAW/MAD/training/291/4.wav,MAD,training/291
RAW/MAD/training/291/5.wav,MAD,training/291
RAW/MAD/training/291/6.wav,MAD,training/291
RAW/MAD/training/291/7.wav,MAD,training/291
RAW/MAD/training/291/8.wav,MAD,training/291
RAW/MAD/training/291/9.wav,MAD,training/291
RAW/MAD/training/292/0.wav,MAD,training/292
RAW/MAD/training/292/1.wav,MAD,training/292
RAW/MAD/training/292/10.wav,MAD,training/292
RAW/MAD/training/292/11.wav,MAD,training/292
RAW/MAD/training/292/2.wav,MAD,training/292
RAW/MAD/training/292/3.wav,MAD,training/292
RAW/MAD/training/292/4.wav,MAD,training/292
RAW/MAD/training/292/5.wav,MAD,training/292
RAW/MAD/training/292/6.wav,MAD,training/292
RAW/MAD/training/292/7.wav,MAD,training/292
RAW/MAD/training/292/8.wav,MAD,training/292
RAW/MAD/training/292/9.wav,MAD,training/292
RAW/MAD/training/293/0.wav,MAD,training/293
RAW/MAD/training/293/1.wav,MAD,training/293
RAW/MAD/training/293/2.wav,MAD,training/293
RAW/MAD/training/293/3.wav,MAD,training/293
RAW/MAD/training/293/4.wav,MAD,training/293
RAW/MAD/training/293/5.wav,MAD,training/293
RAW/MAD/training/293/6.wav,MAD,training/293
RAW/MAD/training/293/7.wav,MAD,training/293
RAW/MAD/training/293/8.wav,MAD,training/293
RAW/MAD/training/294/0.wav,MAD,training/294
RAW/MAD/training/294/1.wav,MAD,training/294
RAW/MAD/training/294/10.wav,MAD,training/294
RAW/MAD/training/294/2.wav,MAD,training/294
RAW/MAD/training/294/3.wav,MAD,training/294
RAW/MAD/training/294/4.wav,MAD,training/294
RAW/MAD/training/294/5.wav,MAD,training/294
RAW/MAD/training/294/6.wav,MAD,training/294
RAW/MAD/training/294/7.wav,MAD,training/294
RAW/MAD/training/294/8.wav,MAD,training/294
RAW/MAD/training/294/9.wav,MAD,training/294
RAW/MAD/training/297/0.wav,MAD,training/297
RAW/MAD/training/297/1.wav,MAD,training/297
RAW/MAD/training/297/10.wav,MAD,training/297
RAW/MAD/training/297/11.wav,MAD,training/297
RAW/MAD/training/297/12.wav,MAD,training/297
RAW/MAD/training/297/2.wav,MAD,training/297
RAW/MAD/training/297/3.wav,MAD,training/297
RAW/MAD/training/297/4.wav,MAD,training/297
RAW/MAD/training/297/5.wav,MAD,training/297
RAW/MAD/training/297/6.wav,MAD,training/297
RAW/MAD/training/297/7.wav,MAD,training/297
RAW/MAD/training/297/8.wav,MAD,training/297
RAW/MAD/training/297/9.wav,MAD,training/297
RAW/MAD/training/298/0.wav,MAD,training/298
RAW/MAD/training/298/1.wav,MAD,training/298
RAW/MAD/training/298/2.wav,MAD,training/298
RAW/MAD/training/298/3.wav,MAD,training/298
RAW/MAD/training/298/4.wav,MAD,training/298
RAW/MAD/training/300/0.wav,MAD,training/300
RAW/MAD/training/300/1.wav,MAD,training/300
RAW/MAD/training/300/2.wav,MAD,training/300
RAW/MAD/training/300/3.wav,MAD,training/300
RAW/MAD/training/302/0.wav,MAD,training/302
RAW/MAD/training/302/1.wav,MAD,training/302
RAW/MAD/training/302/2.wav,MAD,training/302
RAW/MAD/training/302/3.wav,MAD,training/302
RAW/MAD/training/302/4.wav,MAD,training/302
RAW/MAD/training/303/0.wav,MAD,training/303
RAW/MAD/training/303/1.wav,MAD,training/303
RAW/MAD/training/303/2.wav,MAD,training/303
RAW/MAD/training/303/3.wav,MAD,training/303
RAW/MAD/training/303/4.wav,MAD,training/303
RAW/MAD/training/303/5.wav,MAD,training/303
RAW/MAD/training/303/6.wav,MAD,training/303
RAW/MAD/training/303/7.wav,MAD,training/303
RAW/MAD/training/303/8.wav,MAD,training/303
RAW/MAD/training/305/0.wav,MAD,training/305
RAW/MAD/training/305/1.wav,MAD,training/305
RAW/MAD/training/305/10.wav,MAD,training/305
RAW/MAD/training/305/2.wav,MAD,training/305
RAW/MAD/training/305/3.wav,MAD,training/305
RAW/MAD/training/305/4.wav,MAD,training/305
RAW/MAD/training/305/5.wav,MAD,training/305
RAW/MAD/training/305/6.wav,MAD,training/305
RAW/MAD/training/305/7.wav,MAD,training/305
RAW/MAD/training/305/8.wav,MAD,training/305
RAW/MAD/training/305/9.wav,MAD,training/305
RAW/MAD/training/306/0.wav,MAD,training/306
RAW/MAD/training/306/1.wav,MAD,training/306
RAW/MAD/training/306/10.wav,MAD,training/306
RAW/MAD/training/306/11.wav,MAD,training/306
RAW/MAD/training/306/12.wav,MAD,training/306
RAW/MAD/training/306/13.wav,MAD,training/306
RAW/MAD/training/306/14.wav,MAD,training/306
RAW/MAD/training/306/15.wav,MAD,training/306
RAW/MAD/training/306/16.wav,MAD,training/306
RAW/MAD/training/306/17.wav,MAD,training/306
RAW/MAD/training/306/18.wav,MAD,training/306
RAW/MAD/training/306/2.wav,MAD,training/306
RAW/MAD/training/306/3.wav,MAD,training/306
RAW/MAD/training/306/4.wav,MAD,training/306
RAW/MAD/training/306/5.wav,MAD,training/306
RAW/MAD/training/306/6.wav,MAD,training/306
RAW/MAD/training/306/7.wav,MAD,training/306
RAW/MAD/training/306/8.wav,MAD,training/306
RAW/MAD/training/306/9.wav,MAD,training/306
RAW/MAD/training/307/0.wav,MAD,training/307
RAW/MAD/training/307/1.wav,MAD,training/307
RAW/MAD/training/307/10.wav,MAD,training/307
RAW/MAD/training/307/11.wav,MAD,training/307
RAW/MAD/training/307/12.wav,MAD,training/307
RAW/MAD/training/307/13.wav,MAD,training/307
RAW/MAD/training/307/2.wav,MAD,training/307
RAW/MAD/training/307/3.wav,MAD,training/307
RAW/MAD/training/307/4.wav,MAD,training/307
RAW/MAD/training/307/5.wav,MAD,training/307
RAW/MAD/training/307/6.wav,MAD,training/307
RAW/MAD/training/307/7.wav,MAD,training/307
RAW/MAD/training/307/8.wav,MAD,training/307
RAW/MAD/training/307/9.wav,MAD,training/307
RAW/MAD/training/308/0.wav,MAD,training/308
RAW/MAD/training/308/1.wav,MAD,training/308
RAW/MAD/training/308/2.wav,MAD,training/308
RAW/MAD/training/308/3.wav,MAD,training/308
RAW/MAD/training/308/4.wav,MAD,training/308
RAW/MAD/training/308/5.wav,MAD,training/308
RAW/MAD/training/308/6.wav,MAD,training/308
RAW/MAD/training/308/7.wav,MAD,training/308
RAW/MAD/training/308/8.wav,MAD,training/308
RAW/MAD/training/309/0.wav,MAD,training/309
RAW/MAD/training/309/1.wav,MAD,training/309
RAW/MAD/training/309/10.wav,MAD,training/309
RAW/MAD/training/309/11.wav,MAD,training/309
RAW/MAD/training/309/12.wav,MAD,training/309
RAW/MAD/training/309/13.wav,MAD,training/309
RAW/MAD/training/309/14.wav,MAD,training/309
RAW/MAD/training/309/15.wav,MAD,training/309
RAW/MAD/training/309/16.wav,MAD,training/309
RAW/MAD/training/309/17.wav,MAD,training/309
RAW/MAD/training/309/2.wav,MAD,training/309
RAW/MAD/training/309/3.wav,MAD,training/309
RAW/MAD/training/309/4.wav,MAD,training/309
RAW/MAD/training/309/5.wav,MAD,training/309
RAW/MAD/training/309/6.wav,MAD,training/309
RAW/MAD/training/309/7.wav,MAD,training/309
RAW/MAD/training/309/8.wav,MAD,training/309
RAW/MAD/training/309/9.wav,MAD,training/309
RAW/MAD/training/310/0.wav,MAD,training/310
RAW/MAD/training/310/1.wav,MAD,training/310
RAW/MAD/training/310/2.wav,MAD,training/310
RAW/MAD/training/310/3.wav,MAD,training/310
RAW/MAD/training/310/4.wav,MAD,training/310
RAW/MAD/training/310/5.wav,MAD,training/310
RAW/MAD/training/311/0.wav,MAD,training/311
RAW/MAD/training/311/1.wav,MAD,training/311
RAW/MAD/training/312/0.wav,MAD,training/312
RAW/MAD/training/312/1.wav,MAD,training/312
RAW/MAD/training/313/0.wav,MAD,training/313
RAW/MAD/training/313/1.wav,MAD,training/313
RAW/MAD/training/313/10.wav,MAD,training/313
RAW/MAD/training/313/11.wav,MAD,training/313
RAW/MAD/training/313/12.wav,MAD,training/313
RAW/MAD/training/313/13.wav,MAD,training/313
RAW/MAD/training/313/14.wav,MAD,training/313
RAW/MAD/training/313/15.wav,MAD,training/313
RAW/MAD/training/313/16.wav,MAD,training/313
RAW/MAD/training/313/17.wav,MAD,training/313
RAW/MAD/training/313/18.wav,MAD,training/313
RAW/MAD/training/313/19.wav,MAD,training/313
RAW/MAD/training/313/2.wav,MAD,training/313
RAW/MAD/training/313/20.wav,MAD,training/313
RAW/MAD/training/313/21.wav,MAD,training/313
RAW/MAD/training/313/22.wav,MAD,training/313
RAW/MAD/training/313/23.wav,MAD,training/313
RAW/MAD/training/313/24.wav,MAD,training/313
RAW/MAD/training/313/25.wav,MAD,training/313
RAW/MAD/training/313/26.wav,MAD,training/313
RAW/MAD/training/313/27.wav,MAD,training/313
RAW/MAD/training/313/28.wav,MAD,training/313
RAW/MAD/training/313/29.wav,MAD,training/313
RAW/MAD/training/313/3.wav,MAD,training/313
RAW/MAD/training/313/30.wav,MAD,training/313
RAW/MAD/training/313/4.wav,MAD,training/313
RAW/MAD/training/313/5.wav,MAD,training/313
RAW/MAD/training/313/6.wav,MAD,training/313
RAW/MAD/training/313/7.wav,MAD,training/313
RAW/MAD/training/313/8.wav,MAD,training/313
RAW/MAD/training/313/9.wav,MAD,training/313
RAW/MAD/training/314/0.wav,MAD,training/314
RAW/MAD/training/314/1.wav,MAD,training/314
RAW/MAD/training/314/10.wav,MAD,training/314
RAW/MAD/training/314/11.wav,MAD,training/314
RAW/MAD/training/314/2.wav,MAD,training/314
RAW/MAD/training/314/3.wav,MAD,training/314
RAW/MAD/training/314/4.wav,MAD,training/314
RAW/MAD/training/314/5.wav,MAD,training/314
RAW/MAD/training/314/6.wav,MAD,training/314
RAW/MAD/training/314/7.wav,MAD,training/314
RAW/MAD/training/314/8.wav,MAD,training/314
RAW/MAD/training/314/9.wav,MAD,training/314
RAW/MAD/training/315/0.wav,MAD,training/315
RAW/MAD/training/315/1.wav,MAD,training/315
RAW/MAD/training/315/2.wav,MAD,training/315
RAW/MAD/training/315/3.wav,MAD,training/315
RAW/MAD/training/315/4.wav,MAD,training/315
RAW/MAD/training/315/5.wav,MAD,training/315
RAW/MAD/training/315/6.wav,MAD,training/315
RAW/MAD/training/315/7.wav,MAD,training/315
RAW/MAD/training/316/0.wav,MAD,training/316
RAW/MAD/training/316/1.wav,MAD,training/316
RAW/MAD/training/316/2.wav,MAD,training/316
RAW/MAD/training/316/3.wav,MAD,training/316
RAW/MAD/training/316/4.wav,MAD,training/316
RAW/MAD/training/317/0.wav,MAD,training/317
RAW/MAD/training/317/1.wav,MAD,training/317
RAW/MAD/training/317/2.wav,MAD,training/317
RAW/MAD/training/319/0.wav,MAD,training/319
RAW/MAD/training/319/1.wav,MAD,training/319
RAW/MAD/training/319/2.wav,MAD,training/319
RAW/MAD/training/320/0.wav,MAD,training/320
RAW/MAD/training/320/1.wav,MAD,training/320
RAW/MAD/training/320/2.wav,MAD,training/320
RAW/MAD/training/320/3.wav,MAD,training/320
RAW/MAD/training/320/4.wav,MAD,training/320
RAW/MAD/training/320/5.wav,MAD,training/320
RAW/MAD/training/320/6.wav,MAD,training/320
RAW/MAD/training/320/7.wav,MAD,training/320
RAW/MAD/training/321/0.wav,MAD,training/321
RAW/MAD/training/321/1.wav,MAD,training/321
RAW/MAD/training/321/10.wav,MAD,training/321
RAW/MAD/training/321/11.wav,MAD,training/321
RAW/MAD/training/321/12.wav,MAD,training/321
RAW/MAD/training/321/13.wav,MAD,training/321
RAW/MAD/training/321/14.wav,MAD,training/321
RAW/MAD/training/321/15.wav,MAD,training/321
RAW/MAD/training/321/16.wav,MAD,training/321
RAW/MAD/training/321/17.wav,MAD,training/321
RAW/MAD/training/321/18.wav,MAD,training/321
RAW/MAD/training/321/19.wav,MAD,training/321
RAW/MAD/training/321/2.wav,MAD,training/321
RAW/MAD/training/321/20.wav,MAD,training/321
RAW/MAD/training/321/21.wav,MAD,training/321
RAW/MAD/training/321/22.wav,MAD,training/321
RAW/MAD/training/321/3.wav,MAD,training/321
RAW/MAD/training/321/4.wav,MAD,training/321
RAW/MAD/training/321/5.wav,MAD,training/321
RAW/MAD/training/321/6.wav,MAD,training/321
RAW/MAD/training/321/7.wav,MAD,training/321
RAW/MAD/training/321/8.wav,MAD,training/321
RAW/MAD/training/321/9.wav,MAD,training/321
RAW/MAD/training/322/0.wav,MAD,training/322
RAW/MAD/training/322/1.wav,MAD,training/322
RAW/MAD/training/322/2.wav,MAD,training/322
RAW/MAD/training/322/3.wav,MAD,training/322
RAW/MAD/training/322/4.wav,MAD,training/322
RAW/MAD/training/322/5.wav,MAD,training/322
RAW/MAD/training/323/0.wav,MAD,training/323
RAW/MAD/training/323/1.wav,MAD,training/323
RAW/MAD/training/323/2.wav,MAD,training/323
RAW/MAD/training/323/3.wav,MAD,training/323
RAW/MAD/training/323/4.wav,MAD,training/323
RAW/MAD/training/323/5.wav,MAD,training/323
RAW/MAD/training/323/6.wav,MAD,training/323
RAW/MAD/training/323/7.wav,MAD,training/323
RAW/MAD/training/324/0.wav,MAD,training/324
RAW/MAD/training/324/1.wav,MAD,training/324
RAW/MAD/training/326/0.wav,MAD,training/326
RAW/MAD/training/326/1.wav,MAD,training/326
RAW/MAD/training/326/10.wav,MAD,training/326
RAW/MAD/training/326/11.wav,MAD,training/326
RAW/MAD/training/326/12.wav,MAD,training/326
RAW/MAD/training/326/13.wav,MAD,training/326
RAW/MAD/training/326/14.wav,MAD,training/326
RAW/MAD/training/326/15.wav,MAD,training/326
RAW/MAD/training/326/16.wav,MAD,training/326
RAW/MAD/training/326/17.wav,MAD,training/326
RAW/MAD/training/326/18.wav,MAD,training/326
RAW/MAD/training/326/19.wav,MAD,training/326
RAW/MAD/training/326/2.wav,MAD,training/326
RAW/MAD/training/326/20.wav,MAD,training/326
RAW/MAD/training/326/21.wav,MAD,training/326
RAW/MAD/training/326/3.wav,MAD,training/326
RAW/MAD/training/326/4.wav,MAD,training/326
RAW/MAD/training/326/5.wav,MAD,training/326
RAW/MAD/training/326/6.wav,MAD,training/326
RAW/MAD/training/326/7.wav,MAD,training/326
RAW/MAD/training/326/8.wav,MAD,training/326
RAW/MAD/training/326/9.wav,MAD,training/326
RAW/MAD/training/327/0.wav,MAD,training/327
RAW/MAD/training/327/1.wav,MAD,training/327
RAW/MAD/training/327/2.wav,MAD,training/327
RAW/MAD/training/327/3.wav,MAD,training/327
RAW/MAD/training/327/4.wav,MAD,training/327
RAW/MAD/training/327/5.wav,MAD,training/327
RAW/MAD/training/327/6.wav,MAD,training/327
RAW/MAD/training/327/7.wav,MAD,training/327
RAW/MAD/training/328/0.wav,MAD,training/328
RAW/MAD/training/328/1.wav,MAD,training/328
RAW/MAD/training/328/10.wav,MAD,training/328
RAW/MAD/training/328/11.wav,MAD,training/328
RAW/MAD/training/328/2.wav,MAD,training/328
RAW/MAD/training/328/3.wav,MAD,training/328
RAW/MAD/training/328/4.wav,MAD,training/328
RAW/MAD/training/328/5.wav,MAD,training/328
RAW/MAD/training/328/6.wav,MAD,training/328
RAW/MAD/training/328/7.wav,MAD,training/328
RAW/MAD/training/328/8.wav,MAD,training/328
RAW/MAD/training/328/9.wav,MAD,training/328
RAW/MAD/training/329/0.wav,MAD,training/329
RAW/MAD/training/329/1.wav,MAD,training/329
RAW/MAD/training/329/2.wav,MAD,training/329
RAW/MAD/training/329/3.wav,MAD,training/329
RAW/MAD/training/331/0.wav,MAD,training/331
RAW/MAD/training/331/1.wav,MAD,training/331
RAW/MAD/training/331/2.wav,MAD,training/331
RAW/MAD/training/331/3.wav,MAD,training/331
RAW/MAD/training/331/4.wav,MAD,training/331
RAW/MAD/training/331/5.wav,MAD,training/331
RAW/MAD/training/331/6.wav,MAD,training/331
RAW/MAD/training/331/7.wav,MAD,training/331
RAW/MAD/training/332/0.wav,MAD,training/332
RAW/MAD/training/332/1.wav,MAD,training/332
RAW/MAD/training/332/2.wav,MAD,training/332
RAW/MAD/training/332/3.wav,MAD,training/332
RAW/MAD/training/332/4.wav,MAD,training/332
RAW/MAD/training/332/5.wav,MAD,training/332
RAW/MAD/training/332/6.wav,MAD,training/332
RAW/MAD/training/332/7.wav,MAD,training/332
RAW/MAD/training/332/8.wav,MAD,training/332
RAW/MAD/training/332/9.wav,MAD,training/332
RAW/MAD/training/333/0.wav,MAD,training/333
RAW/MAD/training/333/1.wav,MAD,training/333
RAW/MAD/training/333/2.wav,MAD,training/333
RAW/MAD/training/333/3.wav,MAD,training/333
RAW/MAD/training/333/4.wav,MAD,training/333
RAW/MAD/training/333/5.wav,MAD,training/333
RAW/MAD/training/333/6.wav,MAD,training/333
RAW/MAD/training/333/7.wav,MAD,training/333
RAW/MAD/training/333/8.wav,MAD,training/333
RAW/MAD/training/334/0.wav,MAD,training/334
RAW/MAD/training/334/1.wav,MAD,training/334
RAW/MAD/training/334/2.wav,MAD,training/334
RAW/MAD/training/334/3.wav,MAD,training/334
RAW/MAD/training/334/4.wav,MAD,training/334
RAW/MAD/training/334/5.wav,MAD,training/334
RAW/MAD/training/334/6.wav,MAD,training/334
RAW/MAD/training/336/0.wav,MAD,training/336
RAW/MAD/training/336/1.wav,MAD,training/336
RAW/MAD/training/336/10.wav,MAD,training/336
RAW/MAD/training/336/11.wav,MAD,training/336
RAW/MAD/training/336/12.wav,MAD,training/336
RAW/MAD/training/336/13.wav,MAD,training/336
RAW/MAD/training/336/14.wav,MAD,training/336
RAW/MAD/training/336/15.wav,MAD,training/336
RAW/MAD/training/336/16.wav,MAD,training/336
RAW/MAD/training/336/2.wav,MAD,training/336
RAW/MAD/training/336/3.wav,MAD,training/336
RAW/MAD/training/336/4.wav,MAD,training/336
RAW/MAD/training/336/5.wav,MAD,training/336
RAW/MAD/training/336/6.wav,MAD,training/336
RAW/MAD/training/336/7.wav,MAD,training/336
RAW/MAD/training/336/8.wav,MAD,training/336
RAW/MAD/training/336/9.wav,MAD,training/336
RAW/MAD/training/337/0.wav,MAD,training/337
RAW/MAD/training/337/1.wav,MAD,training/337
RAW/MAD/training/337/2.wav,MAD,training/337
RAW/MAD/training/339/0.wav,MAD,training/339
RAW/MAD/training/339/1.wav,MAD,training/339
RAW/MAD/training/339/2.wav,MAD,training/339
RAW/MAD/training/339/3.wav,MAD,training/339
RAW/MAD/training/339/4.wav,MAD,training/339
RAW/MAD/training/339/5.wav,MAD,training/339
RAW/MAD/training/339/6.wav,MAD,training/339
RAW/MAD/training/339/7.wav,MAD,training/339
RAW/MAD/training/340/0.wav,MAD,training/340
RAW/MAD/training/340/1.wav,MAD,training/340
RAW/MAD/training/340/2.wav,MAD,training/340
RAW/MAD/training/340/3.wav,MAD,training/340
RAW/MAD/training/340/4.wav,MAD,training/340
RAW/MAD/training/340/5.wav,MAD,training/340
RAW/MAD/training/340/6.wav,MAD,training/340
RAW/MAD/training/340/7.wav,MAD,training/340
RAW/MAD/training/341/0.wav,MAD,training/341
RAW/MAD/training/341/1.wav,MAD,training/341
RAW/MAD/training/341/10.wav,MAD,training/341
RAW/MAD/training/341/11.wav,MAD,training/341
RAW/MAD/training/341/12.wav,MAD,training/341
RAW/MAD/training/341/13.wav,MAD,training/341
RAW/MAD/training/341/14.wav,MAD,training/341
RAW/MAD/training/341/15.wav,MAD,training/341
RAW/MAD/training/341/2.wav,MAD,training/341
RAW/MAD/training/341/3.wav,MAD,training/341
RAW/MAD/training/341/4.wav,MAD,training/341
RAW/MAD/training/341/5.wav,MAD,training/341
RAW/MAD/training/341/6.wav,MAD,training/341
RAW/MAD/training/341/7.wav,MAD,training/341
RAW/MAD/training/341/8.wav,MAD,training/341
RAW/MAD/training/341/9.wav,MAD,training/341
RAW/MAD/training/342/0.wav,MAD,training/342
RAW/MAD/training/343/0.wav,MAD,training/343
RAW/MAD/training/343/1.wav,MAD,training/343
RAW/MAD/training/343/10.wav,MAD,training/343
RAW/MAD/training/343/11.wav,MAD,training/343
RAW/MAD/training/343/12.wav,MAD,training/343
RAW/MAD/training/343/13.wav,MAD,training/343
RAW/MAD/training/343/14.wav,MAD,training/343
RAW/MAD/training/343/15.wav,MAD,training/343
RAW/MAD/training/343/16.wav,MAD,training/343
RAW/MAD/training/343/17.wav,MAD,training/343
RAW/MAD/training/343/2.wav,MAD,training/343
RAW/MAD/training/343/3.wav,MAD,training/343
RAW/MAD/training/343/4.wav,MAD,training/343
RAW/MAD/training/343/5.wav,MAD,training/343
RAW/MAD/training/343/6.wav,MAD,training/343
RAW/MAD/training/343/7.wav,MAD,training/343
RAW/MAD/training/343/8.wav,MAD,training/343
RAW/MAD/training/343/9.wav,MAD,training/343
RAW/MAD/training/344/0.wav,MAD,training/344
RAW/MAD/training/344/1.wav,MAD,training/344
RAW/MAD/training/344/2.wav,MAD,training/344
RAW/MAD/training/344/3.wav,MAD,training/344
RAW/MAD/training/346/0.wav,MAD,training/346
RAW/MAD/training/346/1.wav,MAD,training/346
RAW/MAD/training/346/10.wav,MAD,training/346
RAW/MAD/training/346/11.wav,MAD,training/346
RAW/MAD/training/346/12.wav,MAD,training/346
RAW/MAD/training/346/13.wav,MAD,training/346
RAW/MAD/training/346/14.wav,MAD,training/346
RAW/MAD/training/346/15.wav,MAD,training/346
RAW/MAD/training/346/16.wav,MAD,training/346
RAW/MAD/training/346/17.wav,MAD,training/346
RAW/MAD/training/346/18.wav,MAD,training/346
RAW/MAD/training/346/19.wav,MAD,training/346
RAW/MAD/training/346/2.wav,MAD,training/346
RAW/MAD/training/346/20.wav,MAD,training/346
RAW/MAD/training/346/21.wav,MAD,training/346
RAW/MAD/training/346/22.wav,MAD,training/346
RAW/MAD/training/346/23.wav,MAD,training/346
RAW/MAD/training/346/24.wav,MAD,training/346
RAW/MAD/training/346/3.wav,MAD,training/346
RAW/MAD/training/346/4.wav,MAD,training/346
RAW/MAD/training/346/5.wav,MAD,training/346
RAW/MAD/training/346/6.wav,MAD,training/346
RAW/MAD/training/346/7.wav,MAD,training/346
RAW/MAD/training/346/8.wav,MAD,training/346
RAW/MAD/training/346/9.wav,MAD,training/346
RAW/MAD/training/347/0.wav,MAD,training/347
RAW/MAD/training/347/1.wav,MAD,training/347
RAW/MAD/training/347/2.wav,MAD,training/347
RAW/MAD/training/347/3.wav,MAD,training/347
RAW/MAD/training/347/4.wav,MAD,training/347
RAW/MAD/training/347/5.wav,MAD,training/347
RAW/MAD/training/349/0.wav,MAD,training/349
RAW/MAD/training/350/0.wav,MAD,training/350
RAW/MAD/training/350/1.wav,MAD,training/350
RAW/MAD/training/350/10.wav,MAD,training/350
RAW/MAD/training/350/11.wav,MAD,training/350
RAW/MAD/training/350/12.wav,MAD,training/350
RAW/MAD/training/350/13.wav,MAD,training/350
RAW/MAD/training/350/14.wav,MAD,training/350
RAW/MAD/training/350/15.wav,MAD,training/350
RAW/MAD/training/350/16.wav,MAD,training/350
RAW/MAD/training/350/17.wav,MAD,training/350
RAW/MAD/training/350/18.wav,MAD,training/350
RAW/MAD/training/350/19.wav,MAD,training/350
RAW/MAD/training/350/2.wav,MAD,training/350
RAW/MAD/training/350/20.wav,MAD,training/350
RAW/MAD/training/350/21.wav,MAD,training/350
RAW/MAD/training/350/3.wav,MAD,training/350
RAW/MAD/training/350/4.wav,MAD,training/350
RAW/MAD/training/350/5.wav,MAD,training/350
RAW/MAD/training/350/6.wav,MAD,training/350
RAW/MAD/training/350/7.wav,MAD,training/350
RAW/MAD/training/350/8.wav,MAD,training/350
RAW/MAD/training/350/9.wav,MAD,training/350
RAW/MAD/training/351/0.wav,MAD,training/351
RAW/MAD/training/351/1.wav,MAD,training/351
RAW/MAD/training/353/0.wav,MAD,training/353
RAW/MAD/training/353/1.wav,MAD,training/353
RAW/MAD/training/353/10.wav,MAD,training/353
RAW/MAD/training/353/11.wav,MAD,training/353
RAW/MAD/training/353/2.wav,MAD,training/353
RAW/MAD/training/353/3.wav,MAD,training/353
RAW/MAD/training/353/4.wav,MAD,training/353
RAW/MAD/training/353/5.wav,MAD,training/353
RAW/MAD/training/353/6.wav,MAD,training/353
RAW/MAD/training/353/7.wav,MAD,training/353
RAW/MAD/training/353/8.wav,MAD,training/353
RAW/MAD/training/353/9.wav,MAD,training/353
RAW/MAD/training/355/0.wav,MAD,training/355
RAW/MAD/training/355/1.wav,MAD,training/355
RAW/MAD/training/355/2.wav,MAD,training/355
RAW/MAD/training/355/3.wav,MAD,training/355
RAW/MAD/training/355/4.wav,MAD,training/355
RAW/MAD/training/355/5.wav,MAD,training/355
RAW/MAD/training/355/6.wav,MAD,training/355
RAW/MAD/training/355/7.wav,MAD,training/355
RAW/MAD/training/355/8.wav,MAD,training/355
RAW/MAD/training/358/0.wav,MAD,training/358
RAW/MAD/training/358/1.wav,MAD,training/358
RAW/MAD/training/361/0.wav,MAD,training/361
RAW/MAD/training/361/1.wav,MAD,training/361
RAW/MAD/training/361/2.wav,MAD,training/361
RAW/MAD/training/361/3.wav,MAD,training/361
RAW/MAD/training/362/0.wav,MAD,training/362
RAW/MAD/training/362/1.wav,MAD,training/362
RAW/MAD/training/362/10.wav,MAD,training/362
RAW/MAD/training/362/11.wav,MAD,training/362
RAW/MAD/training/362/12.wav,MAD,training/362
RAW/MAD/training/362/2.wav,MAD,training/362
RAW/MAD/training/362/3.wav,MAD,training/362
RAW/MAD/training/362/4.wav,MAD,training/362
RAW/MAD/training/362/5.wav,MAD,training/362
RAW/MAD/training/362/6.wav,MAD,training/362
RAW/MAD/training/362/7.wav,MAD,training/362
RAW/MAD/training/362/8.wav,MAD,training/362
RAW/MAD/training/362/9.wav,MAD,training/362
RAW/MAD/training/363/0.wav,MAD,training/363
RAW/MAD/training/363/1.wav,MAD,training/363
RAW/MAD/training/363/2.wav,MAD,training/363
RAW/MAD/training/363/3.wav,MAD,training/363
RAW/MAD/training/363/4.wav,MAD,training/363
RAW/MAD/training/363/5.wav,MAD,training/363
RAW/MAD/training/363/6.wav,MAD,training/363
RAW/MAD/training/365/0.wav,MAD,training/365
RAW/MAD/training/365/1.wav,MAD,training/365
RAW/MAD/training/366/0.wav,MAD,training/366
RAW/MAD/training/366/1.wav,MAD,training/366
RAW/MAD/training/366/2.wav,MAD,training/366
RAW/MAD/training/366/3.wav,MAD,training/366
RAW/MAD/training/366/4.wav,MAD,training/366
RAW/MAD/training/366/5.wav,MAD,training/366
RAW/MAD/training/366/6.wav,MAD,training/366
RAW/MAD/training/367/0.wav,MAD,training/367
RAW/MAD/training/367/1.wav,MAD,training/367
RAW/MAD/training/367/2.wav,MAD,training/367
RAW/MAD/training/367/3.wav,MAD,training/367
RAW/MAD/training/367/4.wav,MAD,training/367
RAW/MAD/training/367/5.wav,MAD,training/367
RAW/MAD/training/367/6.wav,MAD,training/367
RAW/MAD/training/368/0.wav,MAD,training/368
RAW/MAD/training/368/1.wav,MAD,training/368
RAW/MAD/training/368/10.wav,MAD,training/368
RAW/MAD/training/368/11.wav,MAD,training/368
RAW/MAD/training/368/12.wav,MAD,training/368
RAW/MAD/training/368/13.wav,MAD,training/368
RAW/MAD/training/368/14.wav,MAD,training/368
RAW/MAD/training/368/15.wav,MAD,training/368
RAW/MAD/training/368/16.wav,MAD,training/368
RAW/MAD/training/368/17.wav,MAD,training/368
RAW/MAD/training/368/18.wav,MAD,training/368
RAW/MAD/training/368/19.wav,MAD,training/368
RAW/MAD/training/368/2.wav,MAD,training/368
RAW/MAD/training/368/20.wav,MAD,training/368
RAW/MAD/training/368/21.wav,MAD,training/368
RAW/MAD/training/368/22.wav,MAD,training/368
RAW/MAD/training/368/23.wav,MAD,training/368
RAW/MAD/training/368/24.wav,MAD,training/368
RAW/MAD/training/368/25.wav,MAD,training/368
RAW/MAD/training/368/26.wav,MAD,training/368
RAW/MAD/training/368/27.wav,MAD,training/368
RAW/MAD/training/368/3.wav,MAD,training/368
RAW/MAD/training/368/4.wav,MAD,training/368
RAW/MAD/training/368/5.wav,MAD,training/368
RAW/MAD/training/368/6.wav,MAD,training/368
RAW/MAD/training/368/7.wav,MAD,training/368
RAW/MAD/training/368/8.wav,MAD,training/368
RAW/MAD/training/368/9.wav,MAD,training/368
RAW/MAD/training/369/0.wav,MAD,training/369
RAW/MAD/training/369/1.wav,MAD,training/369
RAW/MAD/training/370/0.wav,MAD,training/370
RAW/MAD/training/370/1.wav,MAD,training/370
RAW/MAD/training/370/10.wav,MAD,training/370
RAW/MAD/training/370/11.wav,MAD,training/370
RAW/MAD/training/370/12.wav,MAD,training/370
RAW/MAD/training/370/13.wav,MAD,training/370
RAW/MAD/training/370/14.wav,MAD,training/370
RAW/MAD/training/370/15.wav,MAD,training/370
RAW/MAD/training/370/16.wav,MAD,training/370
RAW/MAD/training/370/17.wav,MAD,training/370
RAW/MAD/training/370/18.wav,MAD,training/370
RAW/MAD/training/370/19.wav,MAD,training/370
RAW/MAD/training/370/2.wav,MAD,training/370
RAW/MAD/training/370/20.wav,MAD,training/370
RAW/MAD/training/370/21.wav,MAD,training/370
RAW/MAD/training/370/3.wav,MAD,training/370
RAW/MAD/training/370/4.wav,MAD,training/370
RAW/MAD/training/370/5.wav,MAD,training/370
RAW/MAD/training/370/6.wav,MAD,training/370
RAW/MAD/training/370/7.wav,MAD,training/370
RAW/MAD/training/370/8.wav,MAD,training/370
RAW/MAD/training/370/9.wav,MAD,training/370
RAW/MAD/training/371/0.wav,MAD,training/371
RAW/MAD/training/371/1.wav,MAD,training/371
RAW/MAD/training/371/10.wav,MAD,training/371
RAW/MAD/training/371/11.wav,MAD,training/371
RAW/MAD/training/371/12.wav,MAD,training/371
RAW/MAD/training/371/13.wav,MAD,training/371
RAW/MAD/training/371/14.wav,MAD,training/371
RAW/MAD/training/371/15.wav,MAD,training/371
RAW/MAD/training/371/16.wav,MAD,training/371
RAW/MAD/training/371/17.wav,MAD,training/371
RAW/MAD/training/371/18.wav,MAD,training/371
RAW/MAD/training/371/19.wav,MAD,training/371
RAW/MAD/training/371/2.wav,MAD,training/371
RAW/MAD/training/371/20.wav,MAD,training/371
RAW/MAD/training/371/21.wav,MAD,training/371
RAW/MAD/training/371/22.wav,MAD,training/371
RAW/MAD/training/371/23.wav,MAD,training/371
RAW/MAD/training/371/24.wav,MAD,training/371
RAW/MAD/training/371/25.wav,MAD,training/371
RAW/MAD/training/371/26.wav,MAD,training/371
RAW/MAD/training/371/27.wav,MAD,training/371
RAW/MAD/training/371/28.wav,MAD,training/371
RAW/MAD/training/371/29.wav,MAD,training/371
RAW/MAD/training/371/3.wav,MAD,training/371
RAW/MAD/training/371/30.wav,MAD,training/371
RAW/MAD/training/371/31.wav,MAD,training/371
RAW/MAD/training/371/32.wav,MAD,training/371
RAW/MAD/training/371/33.wav,MAD,training/371
RAW/MAD/training/371/34.wav,MAD,training/371
RAW/MAD/training/371/35.wav,MAD,training/371
RAW/MAD/training/371/36.wav,MAD,training/371
RAW/MAD/training/371/37.wav,MAD,training/371
RAW/MAD/training/371/38.wav,MAD,training/371
RAW/MAD/training/371/39.wav,MAD,training/371
RAW/MAD/training/371/4.wav,MAD,training/371
RAW/MAD/training/371/40.wav,MAD,training/371
RAW/MAD/training/371/41.wav,MAD,training/371
RAW/MAD/training/371/42.wav,MAD,training/371
RAW/MAD/training/371/43.wav,MAD,training/371
RAW/MAD/training/371/44.wav,MAD,training/371
RAW/MAD/training/371/45.wav,MAD,training/371
RAW/MAD/training/371/46.wav,MAD,training/371
RAW/MAD/training/371/47.wav,MAD,training/371
RAW/MAD/training/371/48.wav,MAD,training/371
RAW/MAD/training/371/49.wav,MAD,training/371
RAW/MAD/training/371/5.wav,MAD,training/371
RAW/MAD/training/371/50.wav,MAD,training/371
RAW/MAD/training/371/51.wav,MAD,training/371
RAW/MAD/training/371/52.wav,MAD,training/371
RAW/MAD/training/371/53.wav,MAD,training/371
RAW/MAD/training/371/54.wav,MAD,training/371
RAW/MAD/training/371/55.wav,MAD,training/371
RAW/MAD/training/371/56.wav,MAD,training/371
RAW/MAD/training/371/57.wav,MAD,training/371
RAW/MAD/training/371/58.wav,MAD,training/371
RAW/MAD/training/371/59.wav,MAD,training/371
RAW/MAD/training/371/6.wav,MAD,training/371
RAW/MAD/training/371/60.wav,MAD,training/371
RAW/MAD/training/371/7.wav,MAD,training/371
RAW/MAD/training/371/8.wav,MAD,training/371
RAW/MAD/training/371/9.wav,MAD,training/371
RAW/MAD/training/372/0.wav,MAD,training/372
RAW/MAD/training/372/1.wav,MAD,training/372
RAW/MAD/training/372/2.wav,MAD,training/372
RAW/MAD/training/372/3.wav,MAD,training/372
RAW/MAD/training/372/4.wav,MAD,training/372
RAW/MAD/training/372/5.wav,MAD,training/372
RAW/MAD/training/373/0.wav,MAD,training/373
RAW/MAD/training/373/1.wav,MAD,training/373
RAW/MAD/training/373/2.wav,MAD,training/373
RAW/MAD/training/374/0.wav,MAD,training/374
RAW/MAD/training/374/1.wav,MAD,training/374
RAW/MAD/training/374/10.wav,MAD,training/374
RAW/MAD/training/374/11.wav,MAD,training/374
RAW/MAD/training/374/12.wav,MAD,training/374
RAW/MAD/training/374/13.wav,MAD,training/374
RAW/MAD/training/374/14.wav,MAD,training/374
RAW/MAD/training/374/15.wav,MAD,training/374
RAW/MAD/training/374/16.wav,MAD,training/374
RAW/MAD/training/374/17.wav,MAD,training/374
RAW/MAD/training/374/18.wav,MAD,training/374
RAW/MAD/training/374/19.wav,MAD,training/374
RAW/MAD/training/374/2.wav,MAD,training/374
RAW/MAD/training/374/20.wav,MAD,training/374
RAW/MAD/training/374/21.wav,MAD,training/374
RAW/MAD/training/374/3.wav,MAD,training/374
RAW/MAD/training/374/4.wav,MAD,training/374
RAW/MAD/training/374/5.wav,MAD,training/374
RAW/MAD/training/374/6.wav,MAD,training/374
RAW/MAD/training/374/7.wav,MAD,training/374
RAW/MAD/training/374/8.wav,MAD,training/374
RAW/MAD/training/374/9.wav,MAD,training/374
RAW/MAD/training/375/0.wav,MAD,training/375
RAW/MAD/training/375/1.wav,MAD,training/375
RAW/MAD/training/375/10.wav,MAD,training/375
RAW/MAD/training/375/11.wav,MAD,training/375
RAW/MAD/training/375/12.wav,MAD,training/375
RAW/MAD/training/375/13.wav,MAD,training/375
RAW/MAD/training/375/14.wav,MAD,training/375
RAW/MAD/training/375/2.wav,MAD,training/375
RAW/MAD/training/375/3.wav,MAD,training/375
RAW/MAD/training/375/4.wav,MAD,training/375
RAW/MAD/training/375/5.wav,MAD,training/375
RAW/MAD/training/375/6.wav,MAD,training/375
RAW/MAD/training/375/7.wav,MAD,training/375
RAW/MAD/training/375/8.wav,MAD,training/375
RAW/MAD/training/375/9.wav,MAD,training/375
RAW/MAD/training/378/0.wav,MAD,training/378
RAW/MAD/training/378/1.wav,MAD,training/378
RAW/MAD/training/378/2.wav,MAD,training/378
RAW/MAD/training/378/3.wav,MAD,training/378
RAW/MAD/training/378/4.wav,MAD,training/378
RAW/MAD/training/378/5.wav,MAD,training/378
RAW/MAD/training/379/0.wav,MAD,training/379
RAW/MAD/training/379/1.wav,MAD,training/379
RAW/MAD/training/379/10.wav,MAD,training/379
RAW/MAD/training/379/11.wav,MAD,training/379
RAW/MAD/training/379/12.wav,MAD,training/379
RAW/MAD/training/379/13.wav,MAD,training/379
RAW/MAD/training/379/14.wav,MAD,training/379
RAW/MAD/training/379/15.wav,MAD,training/379
RAW/MAD/training/379/16.wav,MAD,training/379
RAW/MAD/training/379/17.wav,MAD,training/379
RAW/MAD/training/379/18.wav,MAD,training/379
RAW/MAD/training/379/19.wav,MAD,training/379
RAW/MAD/training/379/2.wav,MAD,training/379
RAW/MAD/training/379/20.wav,MAD,training/379
RAW/MAD/training/379/21.wav,MAD,training/379
RAW/MAD/training/379/22.wav,MAD,training/379
RAW/MAD/training/379/23.wav,MAD,training/379
RAW/MAD/training/379/24.wav,MAD,training/379
RAW/MAD/training/379/25.wav,MAD,training/379
RAW/MAD/training/379/26.wav,MAD,training/379
RAW/MAD/training/379/27.wav,MAD,training/379
RAW/MAD/training/379/28.wav,MAD,training/379
RAW/MAD/training/379/29.wav,MAD,training/379
RAW/MAD/training/379/3.wav,MAD,training/379
RAW/MAD/training/379/30.wav,MAD,training/379
RAW/MAD/training/379/31.wav,MAD,training/379
RAW/MAD/training/379/32.wav,MAD,training/379
RAW/MAD/training/379/33.wav,MAD,training/379
RAW/MAD/training/379/34.wav,MAD,training/379
RAW/MAD/training/379/4.wav,MAD,training/379
RAW/MAD/training/379/5.wav,MAD,training/379
RAW/MAD/training/379/6.wav,MAD,training/379
RAW/MAD/training/379/7.wav,MAD,training/379
RAW/MAD/training/379/8.wav,MAD,training/379
RAW/MAD/training/379/9.wav,MAD,training/379
RAW/MAD/training/380/0.wav,MAD,training/380
RAW/MAD/training/380/1.wav,MAD,training/380
RAW/MAD/training/380/10.wav,MAD,training/380
RAW/MAD/training/380/11.wav,MAD,training/380
RAW/MAD/training/380/2.wav,MAD,training/380
RAW/MAD/training/380/3.wav,MAD,training/380
RAW/MAD/training/380/4.wav,MAD,training/380
RAW/MAD/training/380/5.wav,MAD,training/380
RAW/MAD/training/380/6.wav,MAD,training/380
RAW/MAD/training/380/7.wav,MAD,training/380
RAW/MAD/training/380/8.wav,MAD,training/380
RAW/MAD/training/380/9.wav,MAD,training/380
RAW/MAD/training/381/0.wav,MAD,training/381
RAW/MAD/training/381/1.wav,MAD,training/381
RAW/MAD/training/382/0.wav,MAD,training/382
RAW/MAD/training/382/1.wav,MAD,training/382
RAW/MAD/training/382/10.wav,MAD,training/382
RAW/MAD/training/382/11.wav,MAD,training/382
RAW/MAD/training/382/12.wav,MAD,training/382
RAW/MAD/training/382/13.wav,MAD,training/382
RAW/MAD/training/382/14.wav,MAD,training/382
RAW/MAD/training/382/15.wav,MAD,training/382
RAW/MAD/training/382/16.wav,MAD,training/382
RAW/MAD/training/382/17.wav,MAD,training/382
RAW/MAD/training/382/18.wav,MAD,training/382
RAW/MAD/training/382/19.wav,MAD,training/382
RAW/MAD/training/382/2.wav,MAD,training/382
RAW/MAD/training/382/20.wav,MAD,training/382
RAW/MAD/training/382/21.wav,MAD,training/382
RAW/MAD/training/382/22.wav,MAD,training/382
RAW/MAD/training/382/23.wav,MAD,training/382
RAW/MAD/training/382/24.wav,MAD,training/382
RAW/MAD/training/382/3.wav,MAD,training/382
RAW/MAD/training/382/4.wav,MAD,training/382
RAW/MAD/training/382/5.wav,MAD,training/382
RAW/MAD/training/382/6.wav,MAD,training/382
RAW/MAD/training/382/7.wav,MAD,training/382
RAW/MAD/training/382/8.wav,MAD,training/382
RAW/MAD/training/382/9.wav,MAD,training/382
RAW/MAD/training/383/0.wav,MAD,training/383
RAW/MAD/training/383/1.wav,MAD,training/383
RAW/MAD/training/383/2.wav,MAD,training/383
RAW/MAD/training/384/0.wav,MAD,training/384
RAW/MAD/training/384/1.wav,MAD,training/384
RAW/MAD/training/384/10.wav,MAD,training/384
RAW/MAD/training/384/11.wav,MAD,training/384
RAW/MAD/training/384/12.wav,MAD,training/384
RAW/MAD/training/384/13.wav,MAD,training/384
RAW/MAD/training/384/14.wav,MAD,training/384
RAW/MAD/training/384/15.wav,MAD,training/384
RAW/MAD/training/384/16.wav,MAD,training/384
RAW/MAD/training/384/17.wav,MAD,training/384
RAW/MAD/training/384/2.wav,MAD,training/384
RAW/MAD/training/384/3.wav,MAD,training/384
RAW/MAD/training/384/4.wav,MAD,training/384
RAW/MAD/training/384/5.wav,MAD,training/384
RAW/MAD/training/384/6.wav,MAD,training/384
RAW/MAD/training/384/7.wav,MAD,training/384
RAW/MAD/training/384/8.wav,MAD,training/384
RAW/MAD/training/384/9.wav,MAD,training/384
RAW/MAD/training/385/0.wav,MAD,training/385
RAW/MAD/training/385/1.wav,MAD,training/385
RAW/MAD/training/385/2.wav,MAD,training/385
RAW/MAD/training/385/3.wav,MAD,training/385
RAW/MAD/training/385/4.wav,MAD,training/385
RAW/MAD/training/385/5.wav,MAD,training/385
RAW/MAD/training/385/6.wav,MAD,training/385
RAW/MAD/training/385/7.wav,MAD,training/385
RAW/MAD/training/385/8.wav,MAD,training/385
RAW/MAD/training/386/0.wav,MAD,training/386
RAW/MAD/training/387/0.wav,MAD,training/387
RAW/MAD/training/387/1.wav,MAD,training/387
RAW/MAD/training/387/10.wav,MAD,training/387
RAW/MAD/training/387/11.wav,MAD,training/387
RAW/MAD/training/387/12.wav,MAD,training/387
RAW/MAD/training/387/13.wav,MAD,training/387
RAW/MAD/training/387/14.wav,MAD,training/387
RAW/MAD/training/387/15.wav,MAD,training/387
RAW/MAD/training/387/16.wav,MAD,training/387
RAW/MAD/training/387/17.wav,MAD,training/387
RAW/MAD/training/387/18.wav,MAD,training/387
RAW/MAD/training/387/19.wav,MAD,training/387
RAW/MAD/training/387/2.wav,MAD,training/387
RAW/MAD/training/387/20.wav,MAD,training/387
RAW/MAD/training/387/21.wav,MAD,training/387
RAW/MAD/training/387/22.wav,MAD,training/387
RAW/MAD/training/387/23.wav,MAD,training/387
RAW/MAD/training/387/24.wav,MAD,training/387
RAW/MAD/training/387/25.wav,MAD,training/387
RAW/MAD/training/387/26.wav,MAD,training/387
RAW/MAD/training/387/27.wav,MAD,training/387
RAW/MAD/training/387/28.wav,MAD,training/387
RAW/MAD/training/387/29.wav,MAD,training/387
RAW/MAD/training/387/3.wav,MAD,training/387
RAW/MAD/training/387/30.wav,MAD,training/387
RAW/MAD/training/387/31.wav,MAD,training/387
RAW/MAD/training/387/4.wav,MAD,training/387
RAW/MAD/training/387/5.wav,MAD,training/387
RAW/MAD/training/387/6.wav,MAD,training/387
RAW/MAD/training/387/7.wav,MAD,training/387
RAW/MAD/training/387/8.wav,MAD,training/387
RAW/MAD/training/387/9.wav,MAD,training/387
RAW/MAD/training/389/0.wav,MAD,training/389
RAW/MAD/training/389/1.wav,MAD,training/389
RAW/MAD/training/389/10.wav,MAD,training/389
RAW/MAD/training/389/11.wav,MAD,training/389
RAW/MAD/training/389/2.wav,MAD,training/389
RAW/MAD/training/389/3.wav,MAD,training/389
RAW/MAD/training/389/4.wav,MAD,training/389
RAW/MAD/training/389/5.wav,MAD,training/389
RAW/MAD/training/389/6.wav,MAD,training/389
RAW/MAD/training/389/7.wav,MAD,training/389
RAW/MAD/training/389/8.wav,MAD,training/389
RAW/MAD/training/389/9.wav,MAD,training/389
RAW/MAD/training/390/0.wav,MAD,training/390
RAW/MAD/training/390/1.wav,MAD,training/390
RAW/MAD/training/390/10.wav,MAD,training/390
RAW/MAD/training/390/11.wav,MAD,training/390
RAW/MAD/training/390/12.wav,MAD,training/390
RAW/MAD/training/390/13.wav,MAD,training/390
RAW/MAD/training/390/14.wav,MAD,training/390
RAW/MAD/training/390/15.wav,MAD,training/390
RAW/MAD/training/390/16.wav,MAD,training/390
RAW/MAD/training/390/17.wav,MAD,training/390
RAW/MAD/training/390/18.wav,MAD,training/390
RAW/MAD/training/390/19.wav,MAD,training/390
RAW/MAD/training/390/2.wav,MAD,training/390
RAW/MAD/training/390/20.wav,MAD,training/390
RAW/MAD/training/390/21.wav,MAD,training/390
RAW/MAD/training/390/22.wav,MAD,training/390
RAW/MAD/training/390/23.wav,MAD,training/390
RAW/MAD/training/390/24.wav,MAD,training/390
RAW/MAD/training/390/25.wav,MAD,training/390
RAW/MAD/training/390/3.wav,MAD,training/390
RAW/MAD/training/390/4.wav,MAD,training/390
RAW/MAD/training/390/5.wav,MAD,training/390
RAW/MAD/training/390/6.wav,MAD,training/390
RAW/MAD/training/390/7.wav,MAD,training/390
RAW/MAD/training/390/8.wav,MAD,training/390
RAW/MAD/training/390/9.wav,MAD,training/390
RAW/MAD/training/392/0.wav,MAD,training/392
RAW/MAD/training/392/1.wav,MAD,training/392
RAW/MAD/training/392/10.wav,MAD,training/392
RAW/MAD/training/392/11.wav,MAD,training/392
RAW/MAD/training/392/12.wav,MAD,training/392
RAW/MAD/training/392/13.wav,MAD,training/392
RAW/MAD/training/392/2.wav,MAD,training/392
RAW/MAD/training/392/3.wav,MAD,training/392
RAW/MAD/training/392/4.wav,MAD,training/392
RAW/MAD/training/392/5.wav,MAD,training/392
RAW/MAD/training/392/6.wav,MAD,training/392
RAW/MAD/training/392/7.wav,MAD,training/392
RAW/MAD/training/392/8.wav,MAD,training/392
RAW/MAD/training/392/9.wav,MAD,training/392
RAW/MAD/training/393/0.wav,MAD,training/393
RAW/MAD/training/393/1.wav,MAD,training/393
RAW/MAD/training/393/10.wav,MAD,training/393
RAW/MAD/training/393/11.wav,MAD,training/393
RAW/MAD/training/393/12.wav,MAD,training/393
RAW/MAD/training/393/13.wav,MAD,training/393
RAW/MAD/training/393/14.wav,MAD,training/393
RAW/MAD/training/393/15.wav,MAD,training/393
RAW/MAD/training/393/16.wav,MAD,training/393
RAW/MAD/training/393/17.wav,MAD,training/393
RAW/MAD/training/393/18.wav,MAD,training/393
RAW/MAD/training/393/19.wav,MAD,training/393
RAW/MAD/training/393/2.wav,MAD,training/393
RAW/MAD/training/393/20.wav,MAD,training/393
RAW/MAD/training/393/21.wav,MAD,training/393
RAW/MAD/training/393/22.wav,MAD,training/393
RAW/MAD/training/393/23.wav,MAD,training/393
RAW/MAD/training/393/24.wav,MAD,training/393
RAW/MAD/training/393/25.wav,MAD,training/393
RAW/MAD/training/393/26.wav,MAD,training/393
RAW/MAD/training/393/27.wav,MAD,training/393
RAW/MAD/training/393/28.wav,MAD,training/393
RAW/MAD/training/393/29.wav,MAD,training/393
RAW/MAD/training/393/3.wav,MAD,training/393
RAW/MAD/training/393/30.wav,MAD,training/393
RAW/MAD/training/393/31.wav,MAD,training/393
RAW/MAD/training/393/32.wav,MAD,training/393
RAW/MAD/training/393/33.wav,MAD,training/393
RAW/MAD/training/393/34.wav,MAD,training/393
RAW/MAD/training/393/35.wav,MAD,training/393
RAW/MAD/training/393/4.wav,MAD,training/393
RAW/MAD/training/393/5.wav,MAD,training/393
RAW/MAD/training/393/6.wav,MAD,training/393
RAW/MAD/training/393/7.wav,MAD,training/393
RAW/MAD/training/393/8.wav,MAD,training/393
RAW/MAD/training/393/9.wav,MAD,training/393
RAW/MAD/training/395/0.wav,MAD,training/395
RAW/MAD/training/395/1.wav,MAD,training/395
RAW/MAD/training/395/10.wav,MAD,training/395
RAW/MAD/training/395/2.wav,MAD,training/395
RAW/MAD/training/395/3.wav,MAD,training/395
RAW/MAD/training/395/4.wav,MAD,training/395
RAW/MAD/training/395/5.wav,MAD,training/395
RAW/MAD/training/395/6.wav,MAD,training/395
RAW/MAD/training/395/7.wav,MAD,training/395
RAW/MAD/training/395/8.wav,MAD,training/395
RAW/MAD/training/395/9.wav,MAD,training/395
RAW/MAD/training/396/0.wav,MAD,training/396
RAW/MAD/training/396/1.wav,MAD,training/396
RAW/MAD/training/396/2.wav,MAD,training/396
RAW/MAD/training/396/3.wav,MAD,training/396
RAW/MAD/training/397/0.wav,MAD,training/397
RAW/MAD/training/397/1.wav,MAD,training/397
RAW/MAD/training/397/10.wav,MAD,training/397
RAW/MAD/training/397/11.wav,MAD,training/397
RAW/MAD/training/397/12.wav,MAD,training/397
RAW/MAD/training/397/13.wav,MAD,training/397
RAW/MAD/training/397/14.wav,MAD,training/397
RAW/MAD/training/397/15.wav,MAD,training/397
RAW/MAD/training/397/16.wav,MAD,training/397
RAW/MAD/training/397/17.wav,MAD,training/397
RAW/MAD/training/397/18.wav,MAD,training/397
RAW/MAD/training/397/19.wav,MAD,training/397
RAW/MAD/training/397/2.wav,MAD,training/397
RAW/MAD/training/397/20.wav,MAD,training/397
RAW/MAD/training/397/21.wav,MAD,training/397
RAW/MAD/training/397/3.wav,MAD,training/397
RAW/MAD/training/397/4.wav,MAD,training/397
RAW/MAD/training/397/5.wav,MAD,training/397
RAW/MAD/training/397/6.wav,MAD,training/397
RAW/MAD/training/397/7.wav,MAD,training/397
RAW/MAD/training/397/8.wav,MAD,training/397
RAW/MAD/training/397/9.wav,MAD,training/397
RAW/MAD/training/398/0.wav,MAD,training/398
RAW/MAD/training/398/1.wav,MAD,training/398
RAW/MAD/training/398/2.wav,MAD,training/398
RAW/MAD/training/398/3.wav,MAD,training/398
RAW/MAD/training/398/4.wav,MAD,training/398
RAW/MAD/training/398/5.wav,MAD,training/398
RAW/MAD/training/398/6.wav,MAD,training/398
RAW/MAD/training/398/7.wav,MAD,training/398
RAW/MAD/training/398/8.wav,MAD,training/398
RAW/MAD/training/399/0.wav,MAD,training/399
RAW/MAD/training/399/1.wav,MAD,training/399
RAW/MAD/training/399/2.wav,MAD,training/399
RAW/MAD/training/399/3.wav,MAD,training/399
RAW/MAD/training/399/4.wav,MAD,training/399
RAW/MAD/training/399/5.wav,MAD,training/399
RAW/MAD/training/399/6.wav,MAD,training/399
RAW/MAD/training/399/7.wav,MAD,training/399
RAW/MAD/training/399/8.wav,MAD,training/399
RAW/MAD/training/399/9.wav,MAD,training/399
RAW/MAD/training/400/0.wav,MAD,training/400
RAW/MAD/training/400/1.wav,MAD,training/400
RAW/MAD/training/400/10.wav,MAD,training/400
RAW/MAD/training/400/2.wav,MAD,training/400
RAW/MAD/training/400/3.wav,MAD,training/400
RAW/MAD/training/400/4.wav,MAD,training/400
RAW/MAD/training/400/5.wav,MAD,training/400
RAW/MAD/training/400/6.wav,MAD,training/400
RAW/MAD/training/400/7.wav,MAD,training/400
RAW/MAD/training/400/8.wav,MAD,training/400
RAW/MAD/training/400/9.wav,MAD,training/400
RAW/MAD/training/401/0.wav,MAD,training/401
RAW/MAD/training/401/1.wav,MAD,training/401
RAW/MAD/training/401/2.wav,MAD,training/401
RAW/MAD/training/401/3.wav,MAD,training/401
RAW/MAD/training/401/4.wav,MAD,training/401
RAW/MAD/training/401/5.wav,MAD,training/401
RAW/MAD/training/402/0.wav,MAD,training/402
RAW/MAD/training/402/1.wav,MAD,training/402
RAW/MAD/training/402/10.wav,MAD,training/402
RAW/MAD/training/402/11.wav,MAD,training/402
RAW/MAD/training/402/12.wav,MAD,training/402
RAW/MAD/training/402/13.wav,MAD,training/402
RAW/MAD/training/402/14.wav,MAD,training/402
RAW/MAD/training/402/15.wav,MAD,training/402
RAW/MAD/training/402/16.wav,MAD,training/402
RAW/MAD/training/402/17.wav,MAD,training/402
RAW/MAD/training/402/18.wav,MAD,training/402
RAW/MAD/training/402/19.wav,MAD,training/402
RAW/MAD/training/402/2.wav,MAD,training/402
RAW/MAD/training/402/20.wav,MAD,training/402
RAW/MAD/training/402/21.wav,MAD,training/402
RAW/MAD/training/402/22.wav,MAD,training/402
RAW/MAD/training/402/23.wav,MAD,training/402
RAW/MAD/training/402/24.wav,MAD,training/402
RAW/MAD/training/402/25.wav,MAD,training/402
RAW/MAD/training/402/26.wav,MAD,training/402
RAW/MAD/training/402/27.wav,MAD,training/402
RAW/MAD/training/402/28.wav,MAD,training/402
RAW/MAD/training/402/29.wav,MAD,training/402
RAW/MAD/training/402/3.wav,MAD,training/402
RAW/MAD/training/402/30.wav,MAD,training/402
RAW/MAD/training/402/4.wav,MAD,training/402
RAW/MAD/training/402/5.wav,MAD,training/402
RAW/MAD/training/402/6.wav,MAD,training/402
RAW/MAD/training/402/7.wav,MAD,training/402
RAW/MAD/training/402/8.wav,MAD,training/402
RAW/MAD/training/402/9.wav,MAD,training/402
RAW/MAD/training/404/0.wav,MAD,training/404
RAW/MAD/training/404/1.wav,MAD,training/404
RAW/MAD/training/405/0.wav,MAD,training/405
RAW/MAD/training/405/1.wav,MAD,training/405
RAW/MAD/training/405/10.wav,MAD,training/405
RAW/MAD/training/405/11.wav,MAD,training/405
RAW/MAD/training/405/12.wav,MAD,training/405
RAW/MAD/training/405/13.wav,MAD,training/405
RAW/MAD/training/405/14.wav,MAD,training/405
RAW/MAD/training/405/15.wav,MAD,training/405
RAW/MAD/training/405/16.wav,MAD,training/405
RAW/MAD/training/405/17.wav,MAD,training/405
RAW/MAD/training/405/18.wav,MAD,training/405
RAW/MAD/training/405/19.wav,MAD,training/405
RAW/MAD/training/405/2.wav,MAD,training/405
RAW/MAD/training/405/20.wav,MAD,training/405
RAW/MAD/training/405/21.wav,MAD,training/405
RAW/MAD/training/405/22.wav,MAD,training/405
RAW/MAD/training/405/23.wav,MAD,training/405
RAW/MAD/training/405/24.wav,MAD,training/405
RAW/MAD/training/405/25.wav,MAD,training/405
RAW/MAD/training/405/26.wav,MAD,training/405
RAW/MAD/training/405/27.wav,MAD,training/405
RAW/MAD/training/405/28.wav,MAD,training/405
RAW/MAD/training/405/29.wav,MAD,training/405
RAW/MAD/training/405/3.wav,MAD,training/405
RAW/MAD/training/405/30.wav,MAD,training/405
RAW/MAD/training/405/31.wav,MAD,training/405
RAW/MAD/training/405/32.wav,MAD,training/405
RAW/MAD/training/405/33.wav,MAD,training/405
RAW/MAD/training/405/34.wav,MAD,training/405
RAW/MAD/training/405/35.wav,MAD,training/405
RAW/MAD/training/405/36.wav,MAD,training/405
RAW/MAD/training/405/37.wav,MAD,training/405
RAW/MAD/training/405/38.wav,MAD,training/405
RAW/MAD/training/405/39.wav,MAD,training/405
RAW/MAD/training/405/4.wav,MAD,training/405
RAW/MAD/training/405/40.wav,MAD,training/405
RAW/MAD/training/405/41.wav,MAD,training/405
RAW/MAD/training/405/42.wav,MAD,training/405
RAW/MAD/training/405/43.wav,MAD,training/405
RAW/MAD/training/405/44.wav,MAD,training/405
RAW/MAD/training/405/45.wav,MAD,training/405
RAW/MAD/training/405/46.wav,MAD,training/405
RAW/MAD/training/405/47.wav,MAD,training/405
RAW/MAD/training/405/48.wav,MAD,training/405
RAW/MAD/training/405/49.wav,MAD,training/405
RAW/MAD/training/405/5.wav,MAD,training/405
RAW/MAD/training/405/50.wav,MAD,training/405
RAW/MAD/training/405/51.wav,MAD,training/405
RAW/MAD/training/405/52.wav,MAD,training/405
RAW/MAD/training/405/53.wav,MAD,training/405
RAW/MAD/training/405/54.wav,MAD,training/405
RAW/MAD/training/405/55.wav,MAD,training/405
RAW/MAD/training/405/56.wav,MAD,training/405
RAW/MAD/training/405/57.wav,MAD,training/405
RAW/MAD/training/405/58.wav,MAD,training/405
RAW/MAD/training/405/6.wav,MAD,training/405
RAW/MAD/training/405/7.wav,MAD,training/405
RAW/MAD/training/405/8.wav,MAD,training/405
RAW/MAD/training/405/9.wav,MAD,training/405
RAW/MAD/training/406/0.wav,MAD,training/406
RAW/MAD/training/406/1.wav,MAD,training/406
RAW/MAD/training/406/10.wav,MAD,training/406
RAW/MAD/training/406/11.wav,MAD,training/406
RAW/MAD/training/406/12.wav,MAD,training/406
RAW/MAD/training/406/13.wav,MAD,training/406
RAW/MAD/training/406/14.wav,MAD,training/406
RAW/MAD/training/406/15.wav,MAD,training/406
RAW/MAD/training/406/16.wav,MAD,training/406
RAW/MAD/training/406/2.wav,MAD,training/406
RAW/MAD/training/406/3.wav,MAD,training/406
RAW/MAD/training/406/4.wav,MAD,training/406
RAW/MAD/training/406/5.wav,MAD,training/406
RAW/MAD/training/406/6.wav,MAD,training/406
RAW/MAD/training/406/7.wav,MAD,training/406
RAW/MAD/training/406/8.wav,MAD,training/406
RAW/MAD/training/406/9.wav,MAD,training/406
RAW/MAD/training/407/0.wav,MAD,training/407
RAW/MAD/training/407/1.wav,MAD,training/407
RAW/MAD/training/407/2.wav,MAD,training/407
RAW/MAD/training/407/3.wav,MAD,training/407
RAW/MAD/training/407/4.wav,MAD,training/407
RAW/MAD/training/407/5.wav,MAD,training/407
RAW/MAD/training/407/6.wav,MAD,training/407
RAW/MAD/training/407/7.wav,MAD,training/407
RAW/MAD/training/409/0.wav,MAD,training/409
RAW/MAD/training/409/1.wav,MAD,training/409
RAW/MAD/training/409/2.wav,MAD,training/409
RAW/MAD/training/409/3.wav,MAD,training/409
RAW/MAD/training/409/4.wav,MAD,training/409
RAW/MAD/training/409/5.wav,MAD,training/409
RAW/MAD/training/410/0.wav,MAD,training/410
RAW/MAD/training/410/1.wav,MAD,training/410
RAW/MAD/training/410/10.wav,MAD,training/410
RAW/MAD/training/410/11.wav,MAD,training/410
RAW/MAD/training/410/12.wav,MAD,training/410
RAW/MAD/training/410/13.wav,MAD,training/410
RAW/MAD/training/410/2.wav,MAD,training/410
RAW/MAD/training/410/3.wav,MAD,training/410
RAW/MAD/training/410/4.wav,MAD,training/410
RAW/MAD/training/410/5.wav,MAD,training/410
RAW/MAD/training/410/6.wav,MAD,training/410
RAW/MAD/training/410/7.wav,MAD,training/410
RAW/MAD/training/410/8.wav,MAD,training/410
RAW/MAD/training/410/9.wav,MAD,training/410
RAW/MAD/training/411/0.wav,MAD,training/411
RAW/MAD/training/411/1.wav,MAD,training/411
RAW/MAD/training/411/2.wav,MAD,training/411
RAW/MAD/training/411/3.wav,MAD,training/411
RAW/MAD/training/411/4.wav,MAD,training/411
RAW/MAD/training/411/5.wav,MAD,training/411
RAW/MAD/training/411/6.wav,MAD,training/411
RAW/MAD/training/412/0.wav,MAD,training/412
RAW/MAD/training/412/1.wav,MAD,training/412
RAW/MAD/training/412/2.wav,MAD,training/412
RAW/MAD/training/412/3.wav,MAD,training/412
RAW/MAD/training/412/4.wav,MAD,training/412
RAW/MAD/training/412/5.wav,MAD,training/412
RAW/MAD/training/414/0.wav,MAD,training/414
RAW/MAD/training/414/1.wav,MAD,training/414
RAW/MAD/training/414/10.wav,MAD,training/414
RAW/MAD/training/414/11.wav,MAD,training/414
RAW/MAD/training/414/12.wav,MAD,training/414
RAW/MAD/training/414/13.wav,MAD,training/414
RAW/MAD/training/414/14.wav,MAD,training/414
RAW/MAD/training/414/15.wav,MAD,training/414
RAW/MAD/training/414/16.wav,MAD,training/414
RAW/MAD/training/414/17.wav,MAD,training/414
RAW/MAD/training/414/18.wav,MAD,training/414
RAW/MAD/training/414/19.wav,MAD,training/414
RAW/MAD/training/414/2.wav,MAD,training/414
RAW/MAD/training/414/20.wav,MAD,training/414
RAW/MAD/training/414/21.wav,MAD,training/414
RAW/MAD/training/414/22.wav,MAD,training/414
RAW/MAD/training/414/3.wav,MAD,training/414
RAW/MAD/training/414/4.wav,MAD,training/414
RAW/MAD/training/414/5.wav,MAD,training/414
RAW/MAD/training/414/6.wav,MAD,training/414
RAW/MAD/training/414/7.wav,MAD,training/414
RAW/MAD/training/414/8.wav,MAD,training/414
RAW/MAD/training/414/9.wav,MAD,training/414
RAW/MAD/training/415/0.wav,MAD,training/415
RAW/MAD/training/415/1.wav,MAD,training/415
RAW/MAD/training/415/10.wav,MAD,training/415
RAW/MAD/training/415/11.wav,MAD,training/415
RAW/MAD/training/415/12.wav,MAD,training/415
RAW/MAD/training/415/13.wav,MAD,training/415
RAW/MAD/training/415/2.wav,MAD,training/415
RAW/MAD/training/415/3.wav,MAD,training/415
RAW/MAD/training/415/4.wav,MAD,training/415
RAW/MAD/training/415/5.wav,MAD,training/415
RAW/MAD/training/415/6.wav,MAD,training/415
RAW/MAD/training/415/7.wav,MAD,training/415
RAW/MAD/training/415/8.wav,MAD,training/415
RAW/MAD/training/415/9.wav,MAD,training/415
RAW/MAD/training/417/0.wav,MAD,training/417
RAW/MAD/training/417/1.wav,MAD,training/417
RAW/MAD/training/418/0.wav,MAD,training/418
RAW/MAD/training/418/1.wav,MAD,training/418
RAW/MAD/training/418/2.wav,MAD,training/418
RAW/MAD/training/419/0.wav,MAD,training/419
RAW/MAD/training/419/1.wav,MAD,training/419
RAW/MAD/training/419/2.wav,MAD,training/419
RAW/MAD/training/419/3.wav,MAD,training/419
RAW/MAD/training/419/4.wav,MAD,training/419
RAW/MAD/training/419/5.wav,MAD,training/419
RAW/MAD/training/419/6.wav,MAD,training/419
RAW/MAD/training/419/7.wav,MAD,training/419
RAW/MAD/training/419/8.wav,MAD,training/419
RAW/MAD/training/419/9.wav,MAD,training/419
RAW/MAD/training/420/0.wav,MAD,training/420
RAW/MAD/training/420/1.wav,MAD,training/420
RAW/MAD/training/420/10.wav,MAD,training/420
RAW/MAD/training/420/11.wav,MAD,training/420
RAW/MAD/training/420/12.wav,MAD,training/420
RAW/MAD/training/420/13.wav,MAD,training/420
RAW/MAD/training/420/14.wav,MAD,training/420
RAW/MAD/training/420/15.wav,MAD,training/420
RAW/MAD/training/420/16.wav,MAD,training/420
RAW/MAD/training/420/17.wav,MAD,training/420
RAW/MAD/training/420/18.wav,MAD,training/420
RAW/MAD/training/420/19.wav,MAD,training/420
RAW/MAD/training/420/2.wav,MAD,training/420
RAW/MAD/training/420/3.wav,MAD,training/420
RAW/MAD/training/420/4.wav,MAD,training/420
RAW/MAD/training/420/5.wav,MAD,training/420
RAW/MAD/training/420/6.wav,MAD,training/420
RAW/MAD/training/420/7.wav,MAD,training/420
RAW/MAD/training/420/8.wav,MAD,training/420
RAW/MAD/training/420/9.wav,MAD,training/420
RAW/MAD/training/421/0.wav,MAD,training/421
RAW/MAD/training/421/1.wav,MAD,training/421
RAW/MAD/training/421/10.wav,MAD,training/421
RAW/MAD/training/421/11.wav,MAD,training/421
RAW/MAD/training/421/12.wav,MAD,training/421
RAW/MAD/training/421/13.wav,MAD,training/421
RAW/MAD/training/421/14.wav,MAD,training/421
RAW/MAD/training/421/15.wav,MAD,training/421
RAW/MAD/training/421/16.wav,MAD,training/421
RAW/MAD/training/421/17.wav,MAD,training/421
RAW/MAD/training/421/18.wav,MAD,training/421
RAW/MAD/training/421/19.wav,MAD,training/421
RAW/MAD/training/421/2.wav,MAD,training/421
RAW/MAD/training/421/20.wav,MAD,training/421
RAW/MAD/training/421/21.wav,MAD,training/421
RAW/MAD/training/421/22.wav,MAD,training/421
RAW/MAD/training/421/23.wav,MAD,training/421
RAW/MAD/training/421/24.wav,MAD,training/421
RAW/MAD/training/421/25.wav,MAD,training/421
RAW/MAD/training/421/26.wav,MAD,training/421
RAW/MAD/training/421/27.wav,MAD,training/421
RAW/MAD/training/421/28.wav,MAD,training/421
RAW/MAD/training/421/29.wav,MAD,training/421
RAW/MAD/training/421/3.wav,MAD,training/421
RAW/MAD/training/421/30.wav,MAD,training/421
RAW/MAD/training/421/4.wav,MAD,training/421
RAW/MAD/training/421/5.wav,MAD,training/421
RAW/MAD/training/421/6.wav,MAD,training/421
RAW/MAD/training/421/7.wav,MAD,training/421
RAW/MAD/training/421/8.wav,MAD,training/421
RAW/MAD/training/421/9.wav,MAD,training/421
RAW/MAD/training/424/0.wav,MAD,training/424
RAW/MAD/training/424/1.wav,MAD,training/424
RAW/MAD/training/424/2.wav,MAD,training/424
RAW/MAD/training/424/3.wav,MAD,training/424
RAW/MAD/training/427/0.wav,MAD,training/427
RAW/MAD/training/427/1.wav,MAD,training/427
RAW/MAD/training/427/2.wav,MAD,training/427
RAW/MAD/training/427/3.wav,MAD,training/427
RAW/MAD/training/428/0.wav,MAD,training/428
RAW/MAD/training/428/1.wav,MAD,training/428
RAW/MAD/training/428/2.wav,MAD,training/428
RAW/MAD/training/428/3.wav,MAD,training/428
RAW/MAD/training/428/4.wav,MAD,training/428
RAW/MAD/training/428/5.wav,MAD,training/428
RAW/MAD/training/428/6.wav,MAD,training/428
RAW/MAD/training/428/7.wav,MAD,training/428
RAW/MAD/training/429/0.wav,MAD,training/429
RAW/MAD/training/429/1.wav,MAD,training/429
RAW/MAD/training/429/2.wav,MAD,training/429
RAW/MAD/training/429/3.wav,MAD,training/429
RAW/MAD/training/430/0.wav,MAD,training/430
RAW/MAD/training/430/1.wav,MAD,training/430
RAW/MAD/training/430/2.wav,MAD,training/430
RAW/MAD/training/430/3.wav,MAD,training/430
RAW/MAD/training/430/4.wav,MAD,training/430
RAW/MAD/training/430/5.wav,MAD,training/430
RAW/MAD/training/431/0.wav,MAD,training/431
RAW/MAD/training/431/1.wav,MAD,training/431
RAW/MAD/training/431/10.wav,MAD,training/431
RAW/MAD/training/431/11.wav,MAD,training/431
RAW/MAD/training/431/12.wav,MAD,training/431
RAW/MAD/training/431/13.wav,MAD,training/431
RAW/MAD/training/431/14.wav,MAD,training/431
RAW/MAD/training/431/2.wav,MAD,training/431
RAW/MAD/training/431/3.wav,MAD,training/431
RAW/MAD/training/431/4.wav,MAD,training/431
RAW/MAD/training/431/5.wav,MAD,training/431
RAW/MAD/training/431/6.wav,MAD,training/431
RAW/MAD/training/431/7.wav,MAD,training/431
RAW/MAD/training/431/8.wav,MAD,training/431
RAW/MAD/training/431/9.wav,MAD,training/431
RAW/MAD/training/432/0.wav,MAD,training/432
RAW/MAD/training/432/1.wav,MAD,training/432
RAW/MAD/training/432/10.wav,MAD,training/432
RAW/MAD/training/432/11.wav,MAD,training/432
RAW/MAD/training/432/12.wav,MAD,training/432
RAW/MAD/training/432/13.wav,MAD,training/432
RAW/MAD/training/432/14.wav,MAD,training/432
RAW/MAD/training/432/15.wav,MAD,training/432
RAW/MAD/training/432/16.wav,MAD,training/432
RAW/MAD/training/432/17.wav,MAD,training/432
RAW/MAD/training/432/18.wav,MAD,training/432
RAW/MAD/training/432/19.wav,MAD,training/432
RAW/MAD/training/432/2.wav,MAD,training/432
RAW/MAD/training/432/20.wav,MAD,training/432
RAW/MAD/training/432/21.wav,MAD,training/432
RAW/MAD/training/432/3.wav,MAD,training/432
RAW/MAD/training/432/4.wav,MAD,training/432
RAW/MAD/training/432/5.wav,MAD,training/432
RAW/MAD/training/432/6.wav,MAD,training/432
RAW/MAD/training/432/7.wav,MAD,training/432
RAW/MAD/training/432/8.wav,MAD,training/432
RAW/MAD/training/432/9.wav,MAD,training/432
RAW/MAD/training/433/0.wav,MAD,training/433
RAW/MAD/training/433/1.wav,MAD,training/433
RAW/MAD/training/433/10.wav,MAD,training/433
RAW/MAD/training/433/11.wav,MAD,training/433
RAW/MAD/training/433/12.wav,MAD,training/433
RAW/MAD/training/433/13.wav,MAD,training/433
RAW/MAD/training/433/14.wav,MAD,training/433
RAW/MAD/training/433/15.wav,MAD,training/433
RAW/MAD/training/433/16.wav,MAD,training/433
RAW/MAD/training/433/17.wav,MAD,training/433
RAW/MAD/training/433/18.wav,MAD,training/433
RAW/MAD/training/433/19.wav,MAD,training/433
RAW/MAD/training/433/2.wav,MAD,training/433
RAW/MAD/training/433/20.wav,MAD,training/433
RAW/MAD/training/433/21.wav,MAD,training/433
RAW/MAD/training/433/22.wav,MAD,training/433
RAW/MAD/training/433/23.wav,MAD,training/433
RAW/MAD/training/433/24.wav,MAD,training/433
RAW/MAD/training/433/25.wav,MAD,training/433
RAW/MAD/training/433/26.wav,MAD,training/433
RAW/MAD/training/433/27.wav,MAD,training/433
RAW/MAD/training/433/28.wav,MAD,training/433
RAW/MAD/training/433/29.wav,MAD,training/433
RAW/MAD/training/433/3.wav,MAD,training/433
RAW/MAD/training/433/30.wav,MAD,training/433
RAW/MAD/training/433/31.wav,MAD,training/433
RAW/MAD/training/433/32.wav,MAD,training/433
RAW/MAD/training/433/33.wav,MAD,training/433
RAW/MAD/training/433/34.wav,MAD,training/433
RAW/MAD/training/433/35.wav,MAD,training/433
RAW/MAD/training/433/36.wav,MAD,training/433
RAW/MAD/training/433/37.wav,MAD,training/433
RAW/MAD/training/433/38.wav,MAD,training/433
RAW/MAD/training/433/39.wav,MAD,training/433
RAW/MAD/training/433/4.wav,MAD,training/433
RAW/MAD/training/433/40.wav,MAD,training/433
RAW/MAD/training/433/41.wav,MAD,training/433
RAW/MAD/training/433/42.wav,MAD,training/433
RAW/MAD/training/433/43.wav,MAD,training/433
RAW/MAD/training/433/44.wav,MAD,training/433
RAW/MAD/training/433/45.wav,MAD,training/433
RAW/MAD/training/433/46.wav,MAD,training/433
RAW/MAD/training/433/47.wav,MAD,training/433
RAW/MAD/training/433/48.wav,MAD,training/433
RAW/MAD/training/433/49.wav,MAD,training/433
RAW/MAD/training/433/5.wav,MAD,training/433
RAW/MAD/training/433/50.wav,MAD,training/433
RAW/MAD/training/433/51.wav,MAD,training/433
RAW/MAD/training/433/52.wav,MAD,training/433
RAW/MAD/training/433/53.wav,MAD,training/433
RAW/MAD/training/433/54.wav,MAD,training/433
RAW/MAD/training/433/6.wav,MAD,training/433
RAW/MAD/training/433/7.wav,MAD,training/433
RAW/MAD/training/433/8.wav,MAD,training/433
RAW/MAD/training/433/9.wav,MAD,training/433
RAW/MAD/training/434/0.wav,MAD,training/434
RAW/MAD/training/434/1.wav,MAD,training/434
RAW/MAD/training/434/2.wav,MAD,training/434
RAW/MAD/training/434/3.wav,MAD,training/434
RAW/MAD/training/434/4.wav,MAD,training/434
RAW/MAD/training/434/5.wav,MAD,training/434
RAW/MAD/training/434/6.wav,MAD,training/434
RAW/MAD/training/434/7.wav,MAD,training/434
RAW/MAD/training/434/8.wav,MAD,training/434
RAW/MAD/training/434/9.wav,MAD,training/434
RAW/MAD/training/435/0.wav,MAD,training/435
RAW/MAD/training/435/1.wav,MAD,training/435
RAW/MAD/training/435/2.wav,MAD,training/435
RAW/MAD/training/435/3.wav,MAD,training/435
RAW/MAD/training/435/4.wav,MAD,training/435
RAW/MAD/training/435/5.wav,MAD,training/435
RAW/MAD/training/435/6.wav,MAD,training/435
RAW/MAD/training/435/7.wav,MAD,training/435
RAW/MAD/training/436/0.wav,MAD,training/436
RAW/MAD/training/436/1.wav,MAD,training/436
RAW/MAD/training/436/10.wav,MAD,training/436
RAW/MAD/training/436/11.wav,MAD,training/436
RAW/MAD/training/436/12.wav,MAD,training/436
RAW/MAD/training/436/13.wav,MAD,training/436
RAW/MAD/training/436/14.wav,MAD,training/436
RAW/MAD/training/436/15.wav,MAD,training/436
RAW/MAD/training/436/16.wav,MAD,training/436
RAW/MAD/training/436/17.wav,MAD,training/436
RAW/MAD/training/436/18.wav,MAD,training/436
RAW/MAD/training/436/19.wav,MAD,training/436
RAW/MAD/training/436/2.wav,MAD,training/436
RAW/MAD/training/436/20.wav,MAD,training/436
RAW/MAD/training/436/21.wav,MAD,training/436
RAW/MAD/training/436/22.wav,MAD,training/436
RAW/MAD/training/436/3.wav,MAD,training/436
RAW/MAD/training/436/4.wav,MAD,training/436
RAW/MAD/training/436/5.wav,MAD,training/436
RAW/MAD/training/436/6.wav,MAD,training/436
RAW/MAD/training/436/7.wav,MAD,training/436
RAW/MAD/training/436/8.wav,MAD,training/436
RAW/MAD/training/436/9.wav,MAD,training/436
RAW/MAD/training/437/0.wav,MAD,training/437
RAW/MAD/training/437/1.wav,MAD,training/437
RAW/MAD/training/437/10.wav,MAD,training/437
RAW/MAD/training/437/11.wav,MAD,training/437
RAW/MAD/training/437/12.wav,MAD,training/437
RAW/MAD/training/437/13.wav,MAD,training/437
RAW/MAD/training/437/14.wav,MAD,training/437
RAW/MAD/training/437/2.wav,MAD,training/437
RAW/MAD/training/437/3.wav,MAD,training/437
RAW/MAD/training/437/4.wav,MAD,training/437
RAW/MAD/training/437/5.wav,MAD,training/437
RAW/MAD/training/437/6.wav,MAD,training/437
RAW/MAD/training/437/7.wav,MAD,training/437
RAW/MAD/training/437/8.wav,MAD,training/437
RAW/MAD/training/437/9.wav,MAD,training/437
RAW/MAD/training/438/0.wav,MAD,training/438
RAW/MAD/training/438/1.wav,MAD,training/438
RAW/MAD/training/439/0.wav,MAD,training/439
RAW/MAD/training/439/1.wav,MAD,training/439
RAW/MAD/training/439/2.wav,MAD,training/439
RAW/MAD/training/439/3.wav,MAD,training/439
RAW/MAD/training/439/4.wav,MAD,training/439
RAW/MAD/training/439/5.wav,MAD,training/439
RAW/MAD/training/439/6.wav,MAD,training/439
RAW/MAD/training/440/0.wav,MAD,training/440
RAW/MAD/training/440/1.wav,MAD,training/440
RAW/MAD/training/440/2.wav,MAD,training/440
RAW/MAD/training/440/3.wav,MAD,training/440
RAW/MAD/training/440/4.wav,MAD,training/440
RAW/MAD/training/441/0.wav,MAD,training/441
RAW/MAD/training/441/1.wav,MAD,training/441
RAW/MAD/training/441/2.wav,MAD,training/441
RAW/MAD/training/442/0.wav,MAD,training/442
RAW/MAD/training/442/1.wav,MAD,training/442
RAW/MAD/training/442/2.wav,MAD,training/442
RAW/MAD/training/442/3.wav,MAD,training/442
RAW/MAD/training/443/0.wav,MAD,training/443
RAW/MAD/training/443/1.wav,MAD,training/443
RAW/MAD/training/443/2.wav,MAD,training/443
RAW/MAD/training/443/3.wav,MAD,training/443
RAW/MAD/training/443/4.wav,MAD,training/443
RAW/MAD/training/445/0.wav,MAD,training/445
RAW/MAD/training/445/1.wav,MAD,training/445
RAW/MAD/training/445/2.wav,MAD,training/445
RAW/MAD/training/445/3.wav,MAD,training/445
RAW/MAD/training/445/4.wav,MAD,training/445
RAW/MAD/training/445/5.wav,MAD,training/445
RAW/MAD/training/445/6.wav,MAD,training/445
RAW/MAD/training/445/7.wav,MAD,training/445
RAW/MAD/training/445/8.wav,MAD,training/445
RAW/MAD/training/446/0.wav,MAD,training/446
RAW/MAD/training/446/1.wav,MAD,training/446
RAW/MAD/training/446/2.wav,MAD,training/446
RAW/MAD/training/446/3.wav,MAD,training/446
RAW/MAD/training/446/4.wav,MAD,training/446
RAW/MAD/training/446/5.wav,MAD,training/446
RAW/MAD/training/446/6.wav,MAD,training/446
RAW/MAD/training/446/7.wav,MAD,training/446
RAW/MAD/training/447/0.wav,MAD,training/447
RAW/MAD/training/447/1.wav,MAD,training/447
RAW/MAD/training/447/10.wav,MAD,training/447
RAW/MAD/training/447/11.wav,MAD,training/447
RAW/MAD/training/447/12.wav,MAD,training/447
RAW/MAD/training/447/2.wav,MAD,training/447
RAW/MAD/training/447/3.wav,MAD,training/447
RAW/MAD/training/447/4.wav,MAD,training/447
RAW/MAD/training/447/5.wav,MAD,training/447
RAW/MAD/training/447/6.wav,MAD,training/447
RAW/MAD/training/447/7.wav,MAD,training/447
RAW/MAD/training/447/8.wav,MAD,training/447
RAW/MAD/training/447/9.wav,MAD,training/447
RAW/MAD/training/449/0.wav,MAD,training/449
RAW/MAD/training/449/1.wav,MAD,training/449
RAW/MAD/training/449/2.wav,MAD,training/449
RAW/MAD/training/449/3.wav,MAD,training/449
RAW/MAD/training/449/4.wav,MAD,training/449
RAW/MAD/training/449/5.wav,MAD,training/449
RAW/MAD/training/449/6.wav,MAD,training/449
RAW/MAD/training/449/7.wav,MAD,training/449
RAW/MAD/training/449/8.wav,MAD,training/449
RAW/MAD/training/449/9.wav,MAD,training/449
RAW/MAD/training/450/0.wav,MAD,training/450
RAW/MAD/training/450/1.wav,MAD,training/450
RAW/MAD/training/450/2.wav,MAD,training/450
RAW/MAD/training/450/3.wav,MAD,training/450
RAW/MAD/training/450/4.wav,MAD,training/450
RAW/MAD/training/452/0.wav,MAD,training/452
RAW/MAD/training/452/1.wav,MAD,training/452
RAW/MAD/training/452/10.wav,MAD,training/452
RAW/MAD/training/452/11.wav,MAD,training/452
RAW/MAD/training/452/12.wav,MAD,training/452
RAW/MAD/training/452/13.wav,MAD,training/452
RAW/MAD/training/452/2.wav,MAD,training/452
RAW/MAD/training/452/3.wav,MAD,training/452
RAW/MAD/training/452/4.wav,MAD,training/452
RAW/MAD/training/452/5.wav,MAD,training/452
RAW/MAD/training/452/6.wav,MAD,training/452
RAW/MAD/training/452/7.wav,MAD,training/452
RAW/MAD/training/452/8.wav,MAD,training/452
RAW/MAD/training/452/9.wav,MAD,training/452
RAW/MAD/training/453/0.wav,MAD,training/453
RAW/MAD/training/453/1.wav,MAD,training/453
RAW/MAD/training/453/2.wav,MAD,training/453
RAW/MAD/training/453/3.wav,MAD,training/453
RAW/MAD/training/453/4.wav,MAD,training/453
RAW/MAD/training/454/0.wav,MAD,training/454
RAW/MAD/training/454/1.wav,MAD,training/454
RAW/MAD/training/454/10.wav,MAD,training/454
RAW/MAD/training/454/2.wav,MAD,training/454
RAW/MAD/training/454/3.wav,MAD,training/454
RAW/MAD/training/454/4.wav,MAD,training/454
RAW/MAD/training/454/5.wav,MAD,training/454
RAW/MAD/training/454/6.wav,MAD,training/454
RAW/MAD/training/454/7.wav,MAD,training/454
RAW/MAD/training/454/8.wav,MAD,training/454
RAW/MAD/training/454/9.wav,MAD,training/454
RAW/MAD/training/455/0.wav,MAD,training/455
RAW/MAD/training/455/1.wav,MAD,training/455
RAW/MAD/training/455/2.wav,MAD,training/455
RAW/MAD/training/455/3.wav,MAD,training/455
RAW/MAD/training/455/4.wav,MAD,training/455
RAW/MAD/training/455/5.wav,MAD,training/455
RAW/MAD/training/455/6.wav,MAD,training/455
RAW/MAD/training/455/7.wav,MAD,training/455
RAW/MAD/training/456/0.wav,MAD,training/456
RAW/MAD/training/456/1.wav,MAD,training/456
RAW/MAD/training/456/2.wav,MAD,training/456
RAW/MAD/training/456/3.wav,MAD,training/456
RAW/MAD/training/456/4.wav,MAD,training/456
RAW/MAD/training/456/5.wav,MAD,training/456
RAW/MAD/training/458/0.wav,MAD,training/458
RAW/MAD/training/458/1.wav,MAD,training/458
RAW/MAD/training/458/10.wav,MAD,training/458
RAW/MAD/training/458/11.wav,MAD,training/458
RAW/MAD/training/458/12.wav,MAD,training/458
RAW/MAD/training/458/2.wav,MAD,training/458
RAW/MAD/training/458/3.wav,MAD,training/458
RAW/MAD/training/458/4.wav,MAD,training/458
RAW/MAD/training/458/5.wav,MAD,training/458
RAW/MAD/training/458/6.wav,MAD,training/458
RAW/MAD/training/458/7.wav,MAD,training/458
RAW/MAD/training/458/8.wav,MAD,training/458
RAW/MAD/training/458/9.wav,MAD,training/458
RAW/MAD/training/459/0.wav,MAD,training/459
RAW/MAD/training/459/1.wav,MAD,training/459
RAW/MAD/training/459/2.wav,MAD,training/459
RAW/MAD/training/459/3.wav,MAD,training/459
RAW/MAD/training/459/4.wav,MAD,training/459
RAW/MAD/training/459/5.wav,MAD,training/459
RAW/MAD/training/459/6.wav,MAD,training/459
RAW/MAD/training/460/0.wav,MAD,training/460
RAW/MAD/training/460/1.wav,MAD,training/460
RAW/MAD/training/460/10.wav,MAD,training/460
RAW/MAD/training/460/11.wav,MAD,training/460
RAW/MAD/training/460/2.wav,MAD,training/460
RAW/MAD/training/460/3.wav,MAD,training/460
RAW/MAD/training/460/4.wav,MAD,training/460
RAW/MAD/training/460/5.wav,MAD,training/460
RAW/MAD/training/460/6.wav,MAD,training/460
RAW/MAD/training/460/7.wav,MAD,training/460
RAW/MAD/training/460/8.wav,MAD,training/460
RAW/MAD/training/460/9.wav,MAD,training/460
RAW/MAD/training/461/0.wav,MAD,training/461
RAW/MAD/training/461/1.wav,MAD,training/461
RAW/MAD/training/461/10.wav,MAD,training/461
RAW/MAD/training/461/11.wav,MAD,training/461
RAW/MAD/training/461/12.wav,MAD,training/461
RAW/MAD/training/461/2.wav,MAD,training/461
RAW/MAD/training/461/3.wav,MAD,training/461
RAW/MAD/training/461/4.wav,MAD,training/461
RAW/MAD/training/461/5.wav,MAD,training/461
RAW/MAD/training/461/6.wav,MAD,training/461
RAW/MAD/training/461/7.wav,MAD,training/461
RAW/MAD/training/461/8.wav,MAD,training/461
RAW/MAD/training/461/9.wav,MAD,training/461
RAW/MAD/training/462/0.wav,MAD,training/462
RAW/MAD/training/462/1.wav,MAD,training/462
RAW/MAD/training/462/10.wav,MAD,training/462
RAW/MAD/training/462/11.wav,MAD,training/462
RAW/MAD/training/462/12.wav,MAD,training/462
RAW/MAD/training/462/13.wav,MAD,training/462
RAW/MAD/training/462/14.wav,MAD,training/462
RAW/MAD/training/462/15.wav,MAD,training/462
RAW/MAD/training/462/16.wav,MAD,training/462
RAW/MAD/training/462/17.wav,MAD,training/462
RAW/MAD/training/462/18.wav,MAD,training/462
RAW/MAD/training/462/2.wav,MAD,training/462
RAW/MAD/training/462/3.wav,MAD,training/462
RAW/MAD/training/462/4.wav,MAD,training/462
RAW/MAD/training/462/5.wav,MAD,training/462
RAW/MAD/training/462/6.wav,MAD,training/462
RAW/MAD/training/462/7.wav,MAD,training/462
RAW/MAD/training/462/8.wav,MAD,training/462
RAW/MAD/training/462/9.wav,MAD,training/462
RAW/MAD/training/463/0.wav,MAD,training/463
RAW/MAD/training/463/1.wav,MAD,training/463
RAW/MAD/training/463/2.wav,MAD,training/463
RAW/MAD/training/463/3.wav,MAD,training/463
RAW/MAD/training/463/4.wav,MAD,training/463
RAW/MAD/training/464/0.wav,MAD,training/464
RAW/MAD/training/464/1.wav,MAD,training/464
RAW/MAD/training/464/10.wav,MAD,training/464
RAW/MAD/training/464/11.wav,MAD,training/464
RAW/MAD/training/464/12.wav,MAD,training/464
RAW/MAD/training/464/13.wav,MAD,training/464
RAW/MAD/training/464/14.wav,MAD,training/464
RAW/MAD/training/464/15.wav,MAD,training/464
RAW/MAD/training/464/16.wav,MAD,training/464
RAW/MAD/training/464/17.wav,MAD,training/464
RAW/MAD/training/464/18.wav,MAD,training/464
RAW/MAD/training/464/19.wav,MAD,training/464
RAW/MAD/training/464/2.wav,MAD,training/464
RAW/MAD/training/464/20.wav,MAD,training/464
RAW/MAD/training/464/21.wav,MAD,training/464
RAW/MAD/training/464/22.wav,MAD,training/464
RAW/MAD/training/464/23.wav,MAD,training/464
RAW/MAD/training/464/24.wav,MAD,training/464
RAW/MAD/training/464/25.wav,MAD,training/464
RAW/MAD/training/464/26.wav,MAD,training/464
RAW/MAD/training/464/27.wav,MAD,training/464
RAW/MAD/training/464/28.wav,MAD,training/464
RAW/MAD/training/464/29.wav,MAD,training/464
RAW/MAD/training/464/3.wav,MAD,training/464
RAW/MAD/training/464/30.wav,MAD,training/464
RAW/MAD/training/464/31.wav,MAD,training/464
RAW/MAD/training/464/32.wav,MAD,training/464
RAW/MAD/training/464/33.wav,MAD,training/464
RAW/MAD/training/464/34.wav,MAD,training/464
RAW/MAD/training/464/35.wav,MAD,training/464
RAW/MAD/training/464/36.wav,MAD,training/464
RAW/MAD/training/464/37.wav,MAD,training/464
RAW/MAD/training/464/38.wav,MAD,training/464
RAW/MAD/training/464/39.wav,MAD,training/464
RAW/MAD/training/464/4.wav,MAD,training/464
RAW/MAD/training/464/40.wav,MAD,training/464
RAW/MAD/training/464/41.wav,MAD,training/464
RAW/MAD/training/464/42.wav,MAD,training/464
RAW/MAD/training/464/43.wav,MAD,training/464
RAW/MAD/training/464/44.wav,MAD,training/464
RAW/MAD/training/464/45.wav,MAD,training/464
RAW/MAD/training/464/46.wav,MAD,training/464
RAW/MAD/training/464/47.wav,MAD,training/464
RAW/MAD/training/464/48.wav,MAD,training/464
RAW/MAD/training/464/49.wav,MAD,training/464
RAW/MAD/training/464/5.wav,MAD,training/464
RAW/MAD/training/464/6.wav,MAD,training/464
RAW/MAD/training/464/7.wav,MAD,training/464
RAW/MAD/training/464/8.wav,MAD,training/464
RAW/MAD/training/464/9.wav,MAD,training/464
RAW/MAD/training/466/0.wav,MAD,training/466
RAW/MAD/training/466/1.wav,MAD,training/466
RAW/MAD/training/466/2.wav,MAD,training/466
RAW/MAD/training/466/3.wav,MAD,training/466
RAW/MAD/training/466/4.wav,MAD,training/466
RAW/MAD/training/466/5.wav,MAD,training/466
RAW/MAD/training/466/6.wav,MAD,training/466
RAW/MAD/training/468/0.wav,MAD,training/468
RAW/MAD/training/468/1.wav,MAD,training/468
RAW/MAD/training/468/2.wav,MAD,training/468
RAW/MAD/training/468/3.wav,MAD,training/468
RAW/MAD/training/468/4.wav,MAD,training/468
RAW/MAD/training/468/5.wav,MAD,training/468
RAW/MAD/training/468/6.wav,MAD,training/468
RAW/MAD/training/469/0.wav,MAD,training/469
RAW/MAD/training/469/1.wav,MAD,training/469
RAW/MAD/training/469/2.wav,MAD,training/469
RAW/MAD/training/470/0.wav,MAD,training/470
RAW/MAD/training/470/1.wav,MAD,training/470
RAW/MAD/training/470/2.wav,MAD,training/470
RAW/MAD/training/471/0.wav,MAD,training/471
RAW/MAD/training/471/1.wav,MAD,training/471
RAW/MAD/training/471/2.wav,MAD,training/471
RAW/MAD/training/471/3.wav,MAD,training/471
RAW/MAD/training/471/4.wav,MAD,training/471
RAW/MAD/training/471/5.wav,MAD,training/471
RAW/MAD/training/472/0.wav,MAD,training/472
RAW/MAD/training/472/1.wav,MAD,training/472
RAW/MAD/training/472/2.wav,MAD,training/472
RAW/MAD/training/474/0.wav,MAD,training/474
RAW/MAD/training/475/0.wav,MAD,training/475
RAW/MAD/training/476/0.wav,MAD,training/476
RAW/MAD/training/476/1.wav,MAD,training/476
RAW/MAD/training/476/2.wav,MAD,training/476
RAW/MAD/training/476/3.wav,MAD,training/476
RAW/MAD/training/476/4.wav,MAD,training/476
RAW/MAD/training/476/5.wav,MAD,training/476
RAW/MAD/training/476/6.wav,MAD,training/476
RAW/MAD/training/476/7.wav,MAD,training/476
RAW/MAD/training/478/0.wav,MAD,training/478
RAW/MAD/training/478/1.wav,MAD,training/478
RAW/MAD/training/478/2.wav,MAD,training/478
RAW/MAD/training/478/3.wav,MAD,training/478
RAW/MAD/training/479/0.wav,MAD,training/479
RAW/MAD/training/479/1.wav,MAD,training/479
RAW/MAD/training/479/2.wav,MAD,training/479
RAW/MAD/training/479/3.wav,MAD,training/479
RAW/MAD/training/479/4.wav,MAD,training/479
RAW/MAD/training/479/5.wav,MAD,training/479
RAW/MAD/training/479/6.wav,MAD,training/479
RAW/MAD/training/479/7.wav,MAD,training/479
RAW/MAD/training/480/0.wav,MAD,training/480
RAW/MAD/training/480/1.wav,MAD,training/480
RAW/MAD/training/480/10.wav,MAD,training/480
RAW/MAD/training/480/11.wav,MAD,training/480
RAW/MAD/training/480/12.wav,MAD,training/480
RAW/MAD/training/480/13.wav,MAD,training/480
RAW/MAD/training/480/14.wav,MAD,training/480
RAW/MAD/training/480/2.wav,MAD,training/480
RAW/MAD/training/480/3.wav,MAD,training/480
RAW/MAD/training/480/4.wav,MAD,training/480
RAW/MAD/training/480/5.wav,MAD,training/480
RAW/MAD/training/480/6.wav,MAD,training/480
RAW/MAD/training/480/7.wav,MAD,training/480
RAW/MAD/training/480/8.wav,MAD,training/480
RAW/MAD/training/480/9.wav,MAD,training/480
RAW/MAD/training/481/0.wav,MAD,training/481
RAW/MAD/training/481/1.wav,MAD,training/481
RAW/MAD/training/481/2.wav,MAD,training/481
RAW/MAD/training/481/3.wav,MAD,training/481
RAW/MAD/training/481/4.wav,MAD,training/481
RAW/MAD/training/481/5.wav,MAD,training/481
RAW/MAD/training/481/6.wav,MAD,training/481
RAW/MAD/training/481/7.wav,MAD,training/481
RAW/MAD/training/483/0.wav,MAD,training/483
RAW/MAD/training/483/1.wav,MAD,training/483
RAW/MAD/training/483/2.wav,MAD,training/483
RAW/MAD/training/483/3.wav,MAD,training/483
RAW/MAD/training/483/4.wav,MAD,training/483
RAW/MAD/training/483/5.wav,MAD,training/483
RAW/MAD/training/483/6.wav,MAD,training/483
RAW/MAD/training/483/7.wav,MAD,training/483
RAW/MAD/training/483/8.wav,MAD,training/483
RAW/MAD/training/483/9.wav,MAD,training/483
RAW/MAD/training/484/0.wav,MAD,training/484
RAW/MAD/training/484/1.wav,MAD,training/484
RAW/MAD/training/484/2.wav,MAD,training/484
RAW/MAD/training/484/3.wav,MAD,training/484
RAW/MAD/training/484/4.wav,MAD,training/484
RAW/MAD/training/485/0.wav,MAD,training/485
RAW/MAD/training/485/1.wav,MAD,training/485
RAW/MAD/training/485/2.wav,MAD,training/485
RAW/MAD/training/485/3.wav,MAD,training/485
RAW/MAD/training/486/0.wav,MAD,training/486
RAW/MAD/training/486/1.wav,MAD,training/486
RAW/MAD/training/486/10.wav,MAD,training/486
RAW/MAD/training/486/11.wav,MAD,training/486
RAW/MAD/training/486/12.wav,MAD,training/486
RAW/MAD/training/486/13.wav,MAD,training/486
RAW/MAD/training/486/14.wav,MAD,training/486
RAW/MAD/training/486/15.wav,MAD,training/486
RAW/MAD/training/486/16.wav,MAD,training/486
RAW/MAD/training/486/17.wav,MAD,training/486
RAW/MAD/training/486/18.wav,MAD,training/486
RAW/MAD/training/486/19.wav,MAD,training/486
RAW/MAD/training/486/2.wav,MAD,training/486
RAW/MAD/training/486/3.wav,MAD,training/486
RAW/MAD/training/486/4.wav,MAD,training/486
RAW/MAD/training/486/5.wav,MAD,training/486
RAW/MAD/training/486/6.wav,MAD,training/486
RAW/MAD/training/486/7.wav,MAD,training/486
RAW/MAD/training/486/8.wav,MAD,training/486
RAW/MAD/training/486/9.wav,MAD,training/486
RAW/MAD/training/487/0.wav,MAD,training/487
RAW/MAD/training/487/1.wav,MAD,training/487
RAW/MAD/training/487/2.wav,MAD,training/487
RAW/MAD/training/487/3.wav,MAD,training/487
RAW/MAD/training/487/4.wav,MAD,training/487
RAW/MAD/training/487/5.wav,MAD,training/487
RAW/MAD/training/488/0.wav,MAD,training/488
RAW/MAD/training/488/1.wav,MAD,training/488
RAW/MAD/training/488/2.wav,MAD,training/488
RAW/MAD/training/488/3.wav,MAD,training/488
RAW/MAD/training/489/0.wav,MAD,training/489
RAW/MAD/training/489/1.wav,MAD,training/489
RAW/MAD/training/489/2.wav,MAD,training/489
RAW/MAD/training/489/3.wav,MAD,training/489
RAW/MAD/training/489/4.wav,MAD,training/489
RAW/MAD/training/489/5.wav,MAD,training/489
RAW/MAD/training/492/0.wav,MAD,training/492
RAW/MAD/training/492/1.wav,MAD,training/492
RAW/MAD/training/492/2.wav,MAD,training/492
RAW/MAD/training/492/3.wav,MAD,training/492
RAW/MAD/training/492/4.wav,MAD,training/492
RAW/MAD/training/493/0.wav,MAD,training/493
RAW/MAD/training/493/1.wav,MAD,training/493
RAW/MAD/training/494/0.wav,MAD,training/494
RAW/MAD/training/494/1.wav,MAD,training/494
RAW/MAD/training/494/10.wav,MAD,training/494
RAW/MAD/training/494/11.wav,MAD,training/494
RAW/MAD/training/494/12.wav,MAD,training/494
RAW/MAD/training/494/13.wav,MAD,training/494
RAW/MAD/training/494/14.wav,MAD,training/494
RAW/MAD/training/494/15.wav,MAD,training/494
RAW/MAD/training/494/16.wav,MAD,training/494
RAW/MAD/training/494/17.wav,MAD,training/494
RAW/MAD/training/494/18.wav,MAD,training/494
RAW/MAD/training/494/19.wav,MAD,training/494
RAW/MAD/training/494/2.wav,MAD,training/494
RAW/MAD/training/494/3.wav,MAD,training/494
RAW/MAD/training/494/4.wav,MAD,training/494
RAW/MAD/training/494/5.wav,MAD,training/494
RAW/MAD/training/494/6.wav,MAD,training/494
RAW/MAD/training/494/7.wav,MAD,training/494
RAW/MAD/training/494/8.wav,MAD,training/494
RAW/MAD/training/494/9.wav,MAD,training/494
RAW/MAD/training/495/0.wav,MAD,training/495
RAW/MAD/training/495/1.wav,MAD,training/495
RAW/MAD/training/495/2.wav,MAD,training/495
RAW/MAD/training/495/3.wav,MAD,training/495
RAW/MAD/training/495/4.wav,MAD,training/495
RAW/MAD/training/495/5.wav,MAD,training/495
RAW/MAD/training/496/0.wav,MAD,training/496
RAW/MAD/training/496/1.wav,MAD,training/496
RAW/MAD/training/496/2.wav,MAD,training/496
RAW/MAD/training/496/3.wav,MAD,training/496
RAW/MAD/training/496/4.wav,MAD,training/496
RAW/MAD/training/496/5.wav,MAD,training/496
RAW/MAD/training/497/0.wav,MAD,training/497
RAW/MAD/training/497/1.wav,MAD,training/497
RAW/MAD/training/497/2.wav,MAD,training/497
RAW/MAD/training/499/0.wav,MAD,training/499
RAW/MAD/training/499/1.wav,MAD,training/499
RAW/MAD/training/499/2.wav,MAD,training/499
RAW/MAD/training/499/3.wav,MAD,training/499
RAW/MAD/training/499/4.wav,MAD,training/499
RAW/MAD/training/499/5.wav,MAD,training/499
RAW/MAD/training/500/0.wav,MAD,training/500
RAW/MAD/training/500/1.wav,MAD,training/500
RAW/MAD/training/502/0.wav,MAD,training/502
RAW/MAD/training/502/1.wav,MAD,training/502
RAW/MAD/training/502/2.wav,MAD,training/502
RAW/MAD/training/503/0.wav,MAD,training/503
RAW/MAD/training/504/0.wav,MAD,training/504
RAW/MAD/training/506/0.wav,MAD,training/506
RAW/MAD/training/507/0.wav,MAD,training/507
RAW/MAD/training/507/1.wav,MAD,training/507
RAW/MAD/training/507/2.wav,MAD,training/507
RAW/MAD/training/508/0.wav,MAD,training/508
RAW/MAD/training/508/1.wav,MAD,training/508
RAW/MAD/training/509/0.wav,MAD,training/509
RAW/MAD/training/509/1.wav,MAD,training/509
RAW/MAD/training/509/2.wav,MAD,training/509
RAW/MAD/training/510/0.wav,MAD,training/510
RAW/MAD/training/510/1.wav,MAD,training/510
RAW/MAD/training/511/0.wav,MAD,training/511
RAW/MAD/training/511/1.wav,MAD,training/511
RAW/MAD/training/511/2.wav,MAD,training/511
RAW/MAD/training/512/0.wav,MAD,training/512
RAW/MAD/training/513/0.wav,MAD,training/513
RAW/MAD/training/515/0.wav,MAD,training/515
RAW/MAD/training/515/1.wav,MAD,training/515
RAW/MAD/training/515/10.wav,MAD,training/515
RAW/MAD/training/515/11.wav,MAD,training/515
RAW/MAD/training/515/12.wav,MAD,training/515
RAW/MAD/training/515/13.wav,MAD,training/515
RAW/MAD/training/515/14.wav,MAD,training/515
RAW/MAD/training/515/15.wav,MAD,training/515
RAW/MAD/training/515/16.wav,MAD,training/515
RAW/MAD/training/515/2.wav,MAD,training/515
RAW/MAD/training/515/3.wav,MAD,training/515
RAW/MAD/training/515/4.wav,MAD,training/515
RAW/MAD/training/515/5.wav,MAD,training/515
RAW/MAD/training/515/6.wav,MAD,training/515
RAW/MAD/training/515/7.wav,MAD,training/515
RAW/MAD/training/515/8.wav,MAD,training/515
RAW/MAD/training/515/9.wav,MAD,training/515
RAW/MAD/training/516/0.wav,MAD,training/516
RAW/MAD/training/516/1.wav,MAD,training/516
RAW/MAD/training/516/10.wav,MAD,training/516
RAW/MAD/training/516/2.wav,MAD,training/516
RAW/MAD/training/516/3.wav,MAD,training/516
RAW/MAD/training/516/4.wav,MAD,training/516
RAW/MAD/training/516/5.wav,MAD,training/516
RAW/MAD/training/516/6.wav,MAD,training/516
RAW/MAD/training/516/7.wav,MAD,training/516
RAW/MAD/training/516/8.wav,MAD,training/516
RAW/MAD/training/516/9.wav,MAD,training/516
RAW/MAD/training/517/0.wav,MAD,training/517
RAW/MAD/training/518/0.wav,MAD,training/518
RAW/MAD/training/518/1.wav,MAD,training/518
RAW/MAD/training/518/2.wav,MAD,training/518
RAW/MAD/training/518/3.wav,MAD,training/518
RAW/MAD/training/519/0.wav,MAD,training/519
RAW/MAD/training/519/1.wav,MAD,training/519
RAW/MAD/training/519/2.wav,MAD,training/519
RAW/MAD/training/519/3.wav,MAD,training/519
RAW/MAD/training/519/4.wav,MAD,training/519
RAW/MAD/training/519/5.wav,MAD,training/519
RAW/MAD/training/520/0.wav,MAD,training/520
RAW/MAD/training/520/1.wav,MAD,training/520
RAW/MAD/training/520/2.wav,MAD,training/520
RAW/MAD/training/520/3.wav,MAD,training/520
RAW/MAD/training/520/4.wav,MAD,training/520
RAW/MAD/training/520/5.wav,MAD,training/520
RAW/MAD/training/521/0.wav,MAD,training/521
RAW/MAD/training/521/1.wav,MAD,training/521
RAW/MAD/training/521/10.wav,MAD,training/521
RAW/MAD/training/521/11.wav,MAD,training/521
RAW/MAD/training/521/12.wav,MAD,training/521
RAW/MAD/training/521/13.wav,MAD,training/521
RAW/MAD/training/521/14.wav,MAD,training/521
RAW/MAD/training/521/15.wav,MAD,training/521
RAW/MAD/training/521/16.wav,MAD,training/521
RAW/MAD/training/521/17.wav,MAD,training/521
RAW/MAD/training/521/18.wav,MAD,training/521
RAW/MAD/training/521/2.wav,MAD,training/521
RAW/MAD/training/521/3.wav,MAD,training/521
RAW/MAD/training/521/4.wav,MAD,training/521
RAW/MAD/training/521/5.wav,MAD,training/521
RAW/MAD/training/521/6.wav,MAD,training/521
RAW/MAD/training/521/7.wav,MAD,training/521
RAW/MAD/training/521/8.wav,MAD,training/521
RAW/MAD/training/521/9.wav,MAD,training/521
RAW/MAD/training/522/0.wav,MAD,training/522
RAW/MAD/training/523/0.wav,MAD,training/523
RAW/MAD/training/523/1.wav,MAD,training/523
